Club # ,Club Name,Area,Division,District,Meeting Place 1,Meeting Place Address,Meeting Day,Meeting Time,City,State/Province,Zip/Postal Code,Country,Charter Date,Election Cycle,Club Type,Open/Close,Advanced (Y/N),Club Status,Contact #s,Contact #s,Email,Web,Online Attendance,date ,link 
6062133,Diamond City Toastmasters Club,1,A,98,"607- 6th floor Western Vesu Point. Summirow Conference Hall,","Opp.  S.B.I Bank, Vesu char rasta,",Sunday,10:15 a.m.,Surat,GUJ,395007,India, 02/24/2017,SEMIAN,Community,Open,Y,ACTIVE,+91 84602 63299,,diamondcitytoastmasters@gmail.com,http://dctc.toastmastersclubs.org/,YES,2021-09-22,District Email
7164888,Mount Carmel Toastmasters Club,1,A,98,"New City Light, Althan. SURAT 9879560109","Study Circle, 3rd floor,",Sundays,10:45 AM,Surat,GUJ,395007,India, 10/01/2018,ANNUAL,Community,Open,N,ACTIVE,+91 98795 60109,,tmmelvinpereira@gmail.com,http://www.publicspeakinginsurat.com/,YES,2021-09-22,District Email
7782447,Dahej Orators Toastmasters Club,1,A,98,"Conference Room, Estate Office",Reliance Sarsaswati Township,Wednesdays,1900 - 2100 Hrs,Bharuch,GUJ,392130,India, 05/14/2020,SEMIAN,Community,Group Specific,N,ACTIVE,+91 92656 54533,,toastmastersdahej@gmail.com,,YES,2021-09-22,District Email
5306488,Vadodara Toastmasters Club,2,A,98,The Academy of Human Excellence,"50 Haribhaki Colony, Race Course , Diwalipura",All Sundays,10:00 a.m - 12:00 noon,Vadodara,GUJ,390007,India, 06/02/2016,SEMIAN,Community,Open,N,ACTIVE,+91 99204 26475,,vadodaratoastmaster@gmail.com,http://vadodara.toastmastersclubs.org/,YES,2021-09-22,District Email
6090393,Toastmasters Club of Allscripts Vadodara,2,A,98,Allscripts Vadodara Office,"10 & 11th Flrs., Atlantis Hgts",Thursday,14:00 hrs to 15:15 hrs,Vadodara,GUJ,390023,India, 04/23/2017,SEMIAN,Company,Group Specific,N,ACTIVE,+91 70383 38273,,barodatoastmasters@allscripts.com,http://tcav.easy-speak.org/,YES,2021-09-22,District Email
6886272,Toastmasters Club of Baroda (TCB),2,A,98,Tata Institute of Social Sciences 301-A Tulip Complex,Opp Vidhyut Bhavan,Every Wednesday,7:30 - 9:30 PM,Vadodara,GUJ,390007,India, 03/08/2018,SEMIAN,Community,Open,N,ACTIVE,+91 99741 17798,,toastmastersclubofbaroda@gmail.com,https://baroda.toastmastersclubs.org/,YES,2021-09-22,District Email
7842705,Vatt Thi Gujarati Toastmasters Club,2,A,98,Online,Online,2nd & 4th Saturday,6:30 - 7:45pm,Vadodara,GUJ,390009,India, 01/29/2021,ANNUAL,Community,Open,N,ACTIVE,+91 95863 75818,,vtgtoastmasters@gmail.com,,YES,2021-09-22,District Email
7854559,Investis Digital India,2,A,98,"Investis Digital India Pvt Ltd Royal House, Atlantis Lane, Near Isha Hospital","Sarabhai Campus, Wadi Wadi",1st & 3rd Tuesday,4:00 - 5:30 PM,Vadodara,GUJ,390007,India, 01/24/2021,ANNUAL,Company,Group Specific,N,ACTIVE,+91 265 2323713 / +91 9099964708 / +91 9998595308,,toastmastersindia@investdigital.com,,YES,2021-09-22,District Email
2180628,Swami Vivekanand Toastmasters Club,3,A,98,Studio.Jamin,"Club Riviera, Riviera Town,",Friday,7:00 PM,Bhopal,MP,462003,India, 06/26/2012,SEMIAN,Community,Open,N,ACTIVE,+91 93294 79559,,swamivivekanandtoastmasters@gmail.com,,YES,2021-09-22,District Email
2621397,ISC Bhopal Toastmasters International Club,3,A,98,"Office Premises of ISC Software Pvt. Ltd. 1st Floor, Conference Room # 1","Bhopal IT Plaza, Trilanga, E-8, GuImohar, Arera Colony",Monday,6:45 PM,Bhopal,MP,462 039,India, 08/07/2012,ANNUAL,Community,Open,N,ACTIVE,+91 94253 74968,,toastmasters.isc@gmail.com,http://2621397.toastmastersclubs.org/,YES,2021-09-22,District Email
7240051,Bhopal Toastmasters Club,3,A,98,Dylogg Coworking,"B 66, Chetak Bridge, Gautam Nagar",Sundays,10:45 AM,Bhopal,MP,462024,India, 01/03/2019,SEMIAN,Community,Open,N,ACTIVE,+91 89895 68023,,bhopaltoastmasters@gmail.com,https://bhopal.toastmastersclubs.org/,YES,2021-09-22,District Email
7525513,Samvaad Toastmasters Club,3,A,98,Baithak - The Art House,"10-A, near Nalanda School",Saturdays,7:00 PM,Bhopal,MP,462016,India, 08/10/2019,SEMIAN,Community,Open,N,ACTIVE,+91 83192 82273,,samvaadtm@gmail.com,,YES,2021-09-22,District Email
2587096,Transcendence,4,A,98,"SGSITS College, DOMS Seminar Hall ATC Building 2nd Floor, Indore.","ATC Building, SGSITS, Vallabh Nagar",Saturday,6:00 pm,Indore,MP,452003,India, 06/13/2013,SEMIAN,Community,Open,N,ACTIVE,+91 94245 66853,,hkhandelwal2503@gmail.com,http://transcendence.toastmastersclubs.org/,YES,2021-09-22,District Email
6692382,Impact Toastmasters Club,4,A,98,"IEPS Education Pvt.Ltd. D-79, Shopping Complex, Opposite Press Complex, LIG Road.","IEPS Education Pvt.L D-79, shopping",Sunday,11:00 am,INDORE,MP,452001,India, 10/03/2017,SEMIAN,Community,Open,N,ACTIVE,+91 94259 65922,,vikasparyani123@gmail.com,https://www.instagram.com/impact.toastmasters.club/,YES,2021-09-22,District Email
6977979,TCS Maitree Toastmasters Club Indore,4,A,98,MS Teams (Virtual meeting) Conference Room - TCS Indore,"Tata Consultancy, Super Corridor",Saturday,11:00 AM,Indore,MP,452018,India, 05/02/2018,SEMIAN,Company,Group Specific,N,ACTIVE,+91 78794 53118,,indore.toastmasters@tcs.com,,YES,2021-09-22,District Email
7235362,Avantika Toastmasters Club,4,A,98,Avantika University,"Survey 8, Vishwanathpuram",Wednesdays,6:30 - 8:00 PM,Ujjain,MP,456006,India, 12/18/2018,SEMIAN,College,Group Specific,N,ACTIVE,+91 93266 11804,,jagriti.kale@avantika.edu.in,,YES,2021-09-22,District Email
7806306,InfoBeans Toastmasters Club,4,A,98,"InfoBeans Technologies Limited, 2nd Floor","Crystal IT Park, Bhawarkua Main Rd",Fridays,10 to 11:30 AM,Indore,MP,452001,India, 08/20/2020,SEMIAN,Company,Group Specific,N,ACTIVE,+91 8879586233,,nupur.doshi@infobeans.com,,NO,2021-09-22,District Email
1135184,Bombay Toastmasters,1,B,98,Parle Tilak Vidyalaya Association???s Institute of Management PTVA's Institute of Management|\ONLINE,"13, Apollo Devi CHS, Dixit Road",2nd and 4th Saturdays,5.30 pm,MUMBAI,MAH,400057,India, 02/01/2008,ANNUAL,Community,Open,N,ACTIVE,+91 77388 23063,ArvindNair:919821554226,membership@b-t-m.club,http://www.bombaytoastmasters.club/,YES,2021-09-22,District Email
4297290,NMIMS Mumbai Toastmasters Club (NMTC),1,B,98,NMIMS Campus Opposite Mithibai college,"VL Mehta Road, Vile Parle (W)",Sundays,11:00 AM - 01:00 PM,Mumbai,MAH,400056,India, 10/31/2014,ANNUAL,College,Group Specific,N,ACTIVE,+91 77104 71854,,toastmasters@nmims.edu.in,https://nmimsmumbai.toastmastersclubs.org/,YES,2021-09-22,District Email
7770358,Leaders Connect Toastmasters Club,1,B,98,Morgan Stanley Advantage Services Pvt Ltd Athena Building,"No 5, Sec 30, Mindspace, Goregaon",Wednesdays,12:00 - 1:15 PM,Mumbai,MAH,400090,India, 03/31/2020,SEMIAN,Company,Group Specific,N,ACTIVE,+91 95940 46594,,joydeep.bhowmick@morganstanley.com,,YES,2021-09-22,District Email
7851177,Maven,1,B,98,Online,,Saturdays,2:00 PM,Mumbai,MAH,401107,India, 01/26/2021,SEMIAN,Online Club,Open,N,ACTIVE,+91 98117 86394,,Meetu29@gmail.com,,YES,2021-09-22,District Email
7877720,Mumbai Orators Toastmasters Club,1,B,98,Santacruz East,,2nd & 4th Saturday,5pm,Mumbai,MAH,401203,India, 03/27/2021,ANNUAL,Community,Open,N,ACTIVE,+91-8857031641,,priya.parkar28@gmail.com,,YES,2021-09-22,District Email
2854357,Eminent Toastmasters Club,2,B,98,"Raiaskaran Tech Park, Saki Naka BA Continuum India Pvt Ltd","Raiaskaran Tech Park, Tower I",Thursday,1100 Hours,Mumbai,MAH,400 072,India, 11/08/2012,SEMIAN,Company,Group Specific,N,ACTIVE,+91 99675 08386,,nazirsumra@gmail.com,,YES,2021-09-22,District Email
5235362,DB Mumbai Toastmasters Club,2,B,98,"B1/B4/B7, 1st,2nd or 5th Floor",Nirlon Knowledge Park,Alternate Fridays,5:30 - 6:30 p.m.,Mumbai,MAH,400063,India, 04/26/2016,ANNUAL,Company,Group Specific,N,ACTIVE,+91 98197 49464,,khanjan.lodhavia@gmail.com,,YES,2021-09-22,District Email
7770363,Articulators,2,B,98,"Morgan Stanley Advantage Services Pvt Ltd 20th Floor, WeWork, Oberoi Commerzll","Oberoi Garden City, Goregaon East",Fridays,12:00 - 1:30 PM,Mumbai,MAH,400063,India, 04/27/2020,SEMIAN,Company,Group Specific,N,ACTIVE,+91 95949 09362,,Nikita.Naik@morganstanley.com,,YES,2021-09-22,District Email
7828863,Toastmasters United,2,B,98,Online  Meeting,"A2403, Lodha Estrella, Tower No 7,",Sundays,7:00 - 9:30 PM IST,Mumbai,MAH,400037,India, 11/19/2020,ANNUAL,Community,Group Specific,Y,ACTIVE,+91 98214 70299,,nishant1211@gmail.com,,YES,2021-09-22,District Email
1447379,Mahindra Toastmasters Club,3,B,98,"Mahindra & Mahindra Ltd, Kandivali East Western express way","Akurli Road, Kandivali East",2nd & 4th Thursday of the month,6.30 pm - 8.30 pm,Mumbai,MAH,400101,India, 03/24/2010,ANNUAL,Company,Open,N,ACTIVE,+91 84548 88755,919004399146,samel.prasanna@mahindra.com,,YES,2021-09-22,District Email
2543055,Tech Talkers,3,B,98,"Morgan Stanley Advantage Services PVT, LTD Membership to this club is limited to firm employees ONLY","Blk B4/5, Nirlon Knowledge Park,",Wednesday,12:00 pm - 1:15 pm,Mumbai,MAH,400063,India, 06/22/2012,SEMIAN,Company,Group Specific,N,ACTIVE,,,msas-toastmasters-officers-nkp@morganstanley.com,,YES,2021-09-22,District Email
4002291,Oracle Mumbai,3,B,98,"Oracle Financial Services Software Ltd, Bldg Oracle Park, Nirlon Compund, Off Western Express Highway,",Oracle Park Off Western Express Hwy,Saturday,3.00 PM - 4.30 PM,Mumbai,MAH,400063,India, 06/30/2014,SEMIAN,Company,Group Specific,N,ACTIVE,+91 99309 43464,,unmesh.raool@gmail.com,http://ofss.toastmastersclubs.org/,YES,2021-09-22,District Email
6786470,Chatterati Toastmasters Club,3,B,98,Samata Vidya Mandir School,Near Samata Nagar Bus Depot,Sunday,2:30 pm to 4:30 pm,Mumbai,MAH,400101,India, 01/01/2018,SEMIAN,Community,Open,Y,ACTIVE,+91 98201 85976,,chatteratitoastmasters@gmail.com,http://www.chatteratitm.com/,YES,2021-09-22,District Email
7906218,Toastmasters For Entrepreneurs,3,B,98,"Sector 7, HSR Layout","No 487, Ground Fl, 12A Main Rd",Saturdays,7:00 - 8:30 P (IST),Bangalore,KRN,560102,India, 06/17/2021,SEMIAN,Community,Open,N,ACTIVE,+91 9373462797,,svk1851@gmail.com,,YES,2021-09-22,District Email
4764536,JPMC Malad Toastmasters,4,B,98,JPMC Office This club is open to employees of JPMC only,"Fl 11, A Wing, Prism Twr, Mindspace",Friday,11 30 AM- 1 PM IST,Mumbai,MAH,400104,India, 06/19/2015,SEMIAN,Company,Group Specific,N,ACTIVE,+91 89288 70926,,Ark.almeida@gmail.com,,YES,2021-09-22,District Email
7726190,Goregaon Speakers Community Toastmasters-(GSC Toastmasters),4,B,98,"Goregaon Sports Club New Link Rd, near Toyota Showroom","Mindspace, Malad West",Sundays,3:00 PM - 5:00 PM,Mumbai,MAH,400064,India, 01/17/2020,SEMIAN,Community,Open,N,ACTIVE,+91 96192 59514,,sachinbiyani@gmail.com,https://gsctm.toastmastersclubs.org/,YES,2021-09-22,District Email
7840662,Mumbai Speakers Toastmasters Club,4,B,98,"Borivali West, MUMBAI 400103","11 Fl,A Wing,Prism Tower, Mindspace",Sunday,11.00 am,Mumbai,MAH,400064,India, 01/01/2021,SEMIAN,Community,Open,N,ACTIVE,+91 81698 88041,,deepathisbest.ds@gmail.com,,YES,2021-09-22,District Email
7873524,Fractal Toastmasters Club,4,B,98,"Fractal Analytics, Level 7 Commerz II Internaitonal Business Park, Oberoi Garden City","Western Express Hwy, Goregaon (E)",Thursdays,6:30 PM IST,Mumbai,MAH,400063,India, 03/31/2021,SEMIAN,Company,Group Specific,N,ACTIVE,9075001411,,vedantsharmagurgaon@gmail.com,,YES,2021-09-22,District Email
2645684,Emerson Innovation Center-Pune Toastmasters Club,1,C,98,Emerson Innovation Centre- VC Rooms Online-Teams,"Plot#23, Rajiv Gandhi IT Park,",Wednesday,9:30 am - 11:00 am,Pune,MAH,411057,India, 11/01/2012,SEMIAN,Company,Group Specific,N,ACTIVE,+91 96502 13909,,bharat.chaturvedi@emerson.com,http://eicp.toastmastersclubs.org/,YES,2021-09-22,District Email
4167410,TCS Maitree Toastmasters Club Pune,1,C,98,"Sahyadri Park, TCS","Rajiv Gandhi Info-tech Park, Phase 3, Hinjewadi",Friday,10:30 AM to 12:00PM IST,Pune,MAH,411-057,India, 09/04/2014,SEMIAN,Company,Group Specific,N,ACTIVE,+91 78457 56865,,ankur.bhargava04@gmail.com,,YES,2021-09-22,District Email
6097544,Toastmasters for Pune Entrepreneurs,1,C,98,LHC 203,Lecture Hall Complex,Wednesday,7:00 PM,Pune,MAH,411008,India, 03/01/2017,SEMIAN,Community,Open,N,ACTIVE,+91 99602 66888,,tfpe.club@gmail.com,http://tfpe.toastmastersclubs.org/,YES,2021-09-22,District Email
7764009,Capgemini  Ikigai Toastmasters Club,1,C,98,"Capgemini Technology Services India Ltd Plot 14, Rajiv Gandhi Infotech Park",Hinjewadi Phase 3,Friday | Online,9:00 AM - 10:30 AM (IST),Pune,MAH,411057,India, 04/01/2020,SEMIAN,Company,Group Specific,N,ACTIVE,+91 73507 97575,,Sujata.kolekar@gmail.com,,YES,2021-09-22,District Email
776544,Genesis Toastmasters Club,2,C,98,"IICMR @ City Pride School Pradhikaran, Nigdi,Pune",Nigdi,Sunday,3:00 - 5:15 pm IST,Pune,MAH,411019,India, 03/31/2005,SEMIAN,Community,Open,N,ACTIVE,+91 87930 89014,011912022933441;9881038998,clubgenesistoastmasters@gmail.com,https://776544.toastmastersclubs.org/#null,YES,2021-09-22,District Email
4421153,Toastmasters Club of Pune North West,2,C,98,Online Meeting,Pimple GUrav,Sunday,11:00 AM - 1:15 PM,Pune,MAH,12345,India, 01/01/2015,SEMIAN,Community,Open,Y,ACTIVE,+91 87633 62662,,negiabhisek@gmail.com,http://tmcpnw.easy-speak.org/,YES,2021-09-22,District Email
5297378,Barclays Pune 2 Toastmasters,2,C,98,"BTCI - Barclays, Floor 3-6","Block 4, Quadron IT Park, Plot No 28",Saturday,11:00 - 12:30,Pune,MAH,411057,India, 03/04/2016,SEMIAN,Company,Group Specific,N,ACTIVE,+91 99443 01825,,madhusamhitha.v@barclays.com,,YES,2021-09-22,District Email
6786792,WIPRO Rendezvous Toastmasters Club of Pune,2,C,98,"Wipro Limited Hinjewadi , Phase 2",Rajiv Gandhi Infotech Park,Sunday,1130 am to 130 pm,Pune,MAH,411057,India, 01/01/2018,SEMIAN,Company,Group Specific,N,ACTIVE,+91 95031 42904,,samit.das1@wipro.com,,YES,2021-09-22,District Email
6933610,Birlasoft Toastmasters Club Pune,3,C,98,"BSL Hinjewadi Pune Office Dhaulagiri, SDB1, Level 3, B wing",Birlasoft Rajiv Gandhi Infotech Prk,Saturday,1:00 - 2:30 PM,Pune,MAH,411057,India, 04/25/2018,SEMIAN,Company,Group Specific,N,ACTIVE,+91 97645 18110,,vivcha1@gmail.com,,YES,2021-09-22,District Email
7030730,Wakad Toastmasters Club,3,C,98,Kamal Pratishthan Mount Litera Zee Schoo,Kamal Pratishthan Mount Litera Zee,Saturday,5:00 - 7:15 PM,Pune,MAH,411057,India, 06/26/2018,SEMIAN,Community,Open,N,ACTIVE,+91 88057 50738,,nishu030372@gmail.com,,YES,2021-09-22,District Email
7239392,Aundh Toastmasters Club,3,C,98,Vidyanchal School,"Balaji Park, Sanewadi, Aundh",Sundays,3 PM - 5PM,Pune,MAH,411007,India, 02/10/2019,SEMIAN,Community,Open,N,ACTIVE,+91 88888 43745,,shailesh0g@gmail.com,,YES,2021-09-22,District Email
7431038,STS Pune Toastmasters Club,3,C,98,"Siemens Technology & Services,","Conference Room, 2nd Floor,",Tuesdays,18:00 - 19:30,Pune,MAH,411045,India, 05/13/2019,SEMIAN,Company,Group Specific,N,ACTIVE,+91 98238 48647,,chintan.killedar@gmail.com,,YES,2021-09-22,District Email
916446,Infosys Pune Toastmasters Club,4,C,98,Infosys Technologies Ltd,"Plot No 24, Rajiv Gandhi Infotech park, Hinjewadi Phase II",Wednesday,5:30 PM,Pune,MAH,411 057,India, 06/02/2006,SEMIAN,Company,Group Specific,N,ACTIVE,+91 99204 74926,919860710442,debaratiprasad18@gmail.com,,YES,2021-09-22,District Email
5965350,Pimpri Toastmasters Club,4,C,98,Pratibha Group of Institutes (MBA Building),"Pratibha Group of Institutes - Near Little Italy, Chinchwad, Pimpri-Chinchwad, M",Saturdays,5:00 PM,Pune,MAH,411019,India, 01/01/2017,SEMIAN,Community,Open,N,ACTIVE,+91 84120 53604,,pimpritoastmastersclub@gmail.com,,YES,2021-09-22,District Email
7632324,Eaton Toastmasters Collaboration Club,4,C,98,Eaton Technologies Pvt Ltd Conference Room,"Om Chambers MIDC Bhosari, Pimpri",Friday,3:00 - 4:00 PM,Pune,MAH,411026,India, 11/01/2019,SEMIAN,Company,Group Specific,N,ACTIVE,+91 99671 06740,,,,YES,2021-09-22,District Email
7926456,ASM Toastmasters Club,4,C,98,Online or College,,Saturday,5:00 PM,Pune,MAH,411019,India, 08/25/2021,SEMIAN,College,Group Specific,N,ACTIVE,+91 9503977755,,akshaypatkar.760@gmail.com,,YES,2021-09-22,District Email
5506714,Baner Toastmasters Club,5,C,98,"DIMR, SKP Campus, Balewadi Pune","DIMR, SKP Campus, Balewadi",Saturday,4:00 - 6:15 p.m.,Pune,MAH,411045,India, 05/19/2016,SEMIAN,Community,Open,N,ACTIVE,+91 79054 55741,,toastmasters.baner@gmail.com,https://baner.toastmastersclubs.org/,YES,2021-09-22,District Email
6601517,ATLAS COPCO PUNE TOASTMASTERS CLUB,5,C,98,Atlas Copco India Ltd,"Sveanagar, Dapodi",Tuesday,0730-845hrs,Pune,MAH,411012,India, 08/03/2017,SEMIAN,Company,Open,Y,ACTIVE,+91 97653 93865,,chandrakant.bande@in.atlascopco.com,,YES,2021-09-22,District Email
7683449,Toastmasters of Mediaocean,5,C,98,MediaOcean Asia Pvt Ltd Cummins India campus,"Tower B, Fl 3, Balewadi High St",Wednesdays,15 - 17 Hours,Pune,MAH,411018,India, 01/19/2020,SEMIAN,Company,Group Specific,N,ACTIVE,9595760287,,mpawar@mediaocean.com,,YES,2021-09-22,District Email
7860939,Emerson ISV Toastmasters Club,5,C,98,"Emerson Process Management India Pvt Ltd, Conference Room Plot No C1, Talegoan MIDC Phase 2,","Mindewadi, Mawal Taluka,  Pune",Thursdays,"6:30pm, 8:00pm",Pune,MAH,410506,India, 02/08/2021,SEMIAN,Company,Group Specific,N,ACTIVE,+91 95117 54261,,ravindra.bhagwat@gmail.com,,NO,2021-09-22,District Email
2187981,John Deere Pune Toastmasters Club,1,D,98,John Deere Technology Center India Tower 14,"Magarpatta city, Cyber City,",Each Friday,10.00 am,Pune,MAH,411013,India, 04/18/2012,SEMIAN,Company,Group Specific,N,ACTIVE,+91 98230 46538,,pawar.sushil@gmail.com,,YES,2021-09-22,District Email
2383421,ZS Toastmasters Club,1,D,98,ZS Associates India Pvt Ltd,"Tower 3, World Trade Center, Kharadi",Thursday,2:00 pm,Pune,MAH,411 014,India, 05/11/2012,SEMIAN,Company,Group Specific,N,INEL,+91 99370 53641,,shreeman.arvind@outlook.com,,YES,2021-09-22,District Email
5144305,Barclays Pune Toastmasters Club,1,D,98,"Barclays Technology Centre Eon Office, Kharadi Trion IT Park, Opposite Park Estique, Nagar Road","Barclays GSC, Gera Commerzone",Friday,05:30 PM - 6:30 PM,Pune,MAH,411014,India, 12/02/2015,SEMIAN,Company,Group Specific,N,ACTIVE,+91 73829 85829,,saiharika27@gmail.com,,YES,2021-09-22,District Email
6604804,Bibvewadi Toastmasters Club,1,D,98,Zoom - https://bit.ly/BTMCmeeting,"Zoom Meeting Id 922 8560 2660 ,",Sunday,7:00 PM  IST (UTC +05:30),"Bibvewadi ,Pune",MAH,411037,India, 06/30/2017,SEMIAN,Community,Open,N,ACTIVE,+91 91759 31452,,saurabhjgandhi@gmail.com,http://linktr.ee/btmc,YES,2021-09-22,District Email
7752570,Clarion Toastmasters Club,1,D,98,"Conference room Tower S4, 4th Floor","Cybercity, Magarpatta Hadapsar",2nd & 4th Thursday,15:30 - 17:00,Pune,MAH,411013,India, 05/15/2020,ANNUAL,Company,Group Specific,N,ACTIVE,+91 77589 91169,,callmerenjith@gmail.com,,YES,2021-09-22,District Email
7913217,Japfa Toastmasters Club,1,D,98,Online, Online,Thursday,5:00-6:00PM IST,Pune,MAH,4110028,India, 06/29/2021,SEMIAN,Community,Open,N,ACTIVE,+91 8108821177,,samir.bhiwapurkar@japfa.com,,NO,2021-09-22,District Email
5742252,"Toastmasters Club of Zensar, Pune",2,D,98,Zensar Main Campus,Zensar Knowledge Park,Thursdays,4:00 PM,Pune,MAH,411014,India, 09/01/2016,SEMIAN,Company,Group Specific,N,INEL,+91 97669 06115,,toastmasters_excos@zensar.com,,YES,2021-09-22,District Email
5749190,BNY Mellon Technology Pune Toastmasters Club,2,D,98,"BNY Mellon Technology Pvt. Ltd Tower 9, Level 7, Magarpatta City, Pune",BNY Mellon Technology Pvt. Ltd.,Thursdays,2:00 PM - 3:15 PM,Pune,MAH,411013,India, 09/10/2016,SEMIAN,Company,Group Specific,N,ACTIVE,+91 99222 61979,,Chandrasekaran.Parthasarathy@bnymellon.com,http://www.facebook.com/groups/844596922341392?_rdr,YES,2021-09-22,District Email
6691907,"RISE Toastmasters Club, Magarpatta",2,D,98,"Crescent play school, Bungalow 14 Mulberry Gardens 2, Magarpatta City",Magarpatta,Every Saturday,11:30 am - 1:30 pm,Pune,MAH,411013,India, 10/03/2017,SEMIAN,Community,Open,N,ACTIVE,+91 94209 75962,,risetoastmastersmagarpatta@gmail.com,https://risetoastmastersmagarpattacity.toastmastersclubs.org/,YES,2021-09-22,District Email
7289566,Expedition Toastmasters Pune,2,D,98,TIAA,"World Trade Ctr,Twr 4,EON Free Zone",2nd & 4th Thursday,3:00 PM,Pune,MAH,411014,India, 02/02/2019,ANNUAL,Company,Group Specific,N,ACTIVE,+91 99002 43043,,schiragh@gmail.com,,YES,2021-09-22,District Email
7850267,Backpackers Toastmasters Club,2,D,98,"Online, Pune Maharastra Meeting ID: 84786118287        Passcode: wanderlust",Pune,Sundays,4 to 6 pm IST (GMT+5.30),Pune,MAH,411013,India, 01/26/2021,SEMIAN,Community,Open,N,ACTIVE,+91 99525 84696,,r.joe4u@gmail.com,https://www.instagram.com/backpackerstmc/,YES,2021-09-22,District Email
7908895,Speak-a-Holic Toastmasters Club,2,D,98,Online Club,Online Club,Saturday,7:00-8:45 PM,Pune,MAH,411013,India, 06/19/2021,SEMIAN,Community,Open,N,ACTIVE,+91 9822254024,,vinayghule@yahoo.com,,YES,2021-09-22,District Email
1813871,ADP Pune Toastmasters,3,D,98,ADP Pvt Ltd Office / Work Place,"Bldg #3, SP InfoCity, Phursungi Road, Pune Saswad Road, Hadapsar",Friday,06:30 PM,Pune,MAH,412 308,India, 05/10/2011,SEMIAN,Company,Group Specific,N,ACTIVE,+91 20 6757 4549,,devengavlee@yahoo.com,,YES,2021-09-22,District Email
6006628,Allstate Toastmasters Club Pune,3,D,98,Virtual Meetings on Zoom due to Covid 19 ASPL Pune Office," Gera Commerzone, 9th Floor, Unit 9",Saturday,3:00 PM - 4:00 PM,Pune,MAH,411014,India, 04/25/2017,SEMIAN,Company,Group Specific,N,ACTIVE,+91 96203 27860,,,,YES,2021-09-22,District Email
6958921,"Srujan Hindi Toastmasters Club, Pune",3,D,98,8th Floor Icon Tower,Baner Road,All Saturdays,5-7 pm,Pune,MAH,411045,India, 04/25/2018,ANNUAL,Community,Open,N,ACTIVE,+91 78388 66810,,srujanhinditoastmasters@gmail.com,,YES,2021-09-22,District Email
7327561,Teradata Pune Toastmasters Club,3,D,98,Skylab Teradata India,"Tower 12, Magarpatta City, Hadaspar",1st & 3rd Wednesday,10:30 AM - 12:30 PM,Pune,MAH,411013,India, 03/08/2019,ANNUAL,Company,Group Specific,N,ACTIVE,+91-20-66442004,,rajesh.kumar@teradata.com,,YES,2021-09-22,District Email
7780150,Wonders of Women Toastmasters Club,3,D,98,CBSE - Little Flower Medium School,"Suresh Nagar, Hadapasar",Sunday,15:00,Pune,MAH,411028,India, 05/18/2020,SEMIAN,Community,Group Specific,N,ACTIVE,+91 95274 50436,,kanchan.siddharthan@gmail.com,,YES,2021-09-22,District Email
1543586,Toastmasters Club of Pune South East,4,D,98,"IBS Business School, Amanora Park Town Hadapsar-Pune","IBS Business School, Survey No: 174, 175, DSK Sunderban ??"" Business Hub1, Hadapsa",Saturday,3.00 pm,Pune,MAH,411028,India, 09/09/2010,SEMIAN,Community,Open,N,ACTIVE,+91 97679 71818,919762002295,membership.southeast@gmail.com,http://magarpattapune.toastmastersclubs.org/,YES,2021-09-22,District Email
6783469,BNYMellon - Magarpatta,4,D,98,BNY Mellon,"Magarpatta City, Cybercity",Wednesday,5:00 pm,Pune,MAH,411013,India, 02/28/2018,SEMIAN,Company,Group Specific,N,ACTIVE,+1 646-782-6785,,Priti.Mudoi@bnymellon.com,,YES,2021-09-22,District Email
6894572,Accenture Pune Toastmasters Club - Magarpatta,4,D,98,"Accenture Building B-4, Magarpatta City (SEZ)","Accenture, Building B-4",Wednesday,12:45-2:00 PM,Pune,MAH,411028,India, 04/01/2018,SEMIAN,Company,Group Specific,N,INEL,+91 86007 77153,,sri.kishlay@gmail.com,,YES,2021-09-22,District Email
7709645,E3 Ecolab Toastmasters Club,4,D,98,Nalco Water India Limited Online Microsoft Team Meeting,Online meeting,Saturday,10:30 - 12:30,Pune,MAH,411028,India, 02/01/2020,SEMIAN,Company,Group Specific,N,ACTIVE,+91 97660 53661,,shahnawaz.shakil@ecolab.com,,YES,2021-09-22,District Email
7709657,Food Lovers Toastmasters Club,4,D,98,"Community Hall, MIDC Baramati Above MIDC Office, Near SBI Bank","Pencil Chowk, MIDC, Baramati",Saturdays,18:00 - 20:00,Baramati,MAH,413133,India, 01/06/2020,ANNUAL,Community,Open,N,ACTIVE,+91 96040 03279,,srgiranje@gmail.com,,YES,2021-09-22,District Email
7850568,John Deere Pune Toastmasters 2.0,4,D,98,John Deere - Enterprise Technology and Engineering Center,"Tower 14, Magarpatta City, Hadaspar",Tuesdays,5:30 - 7:00 PM IST,Pune,MAH,411028,India, 03/25/2021,SEMIAN,Company,Group Specific,N,ACTIVE,+91-9370-812315,,devulapalliaparna@johndeere.com,,NO,2021-09-22,District Email
1272701,Elan Toastmasters Hyderabad,1,E,98,"Jain Toddlers, Kondapur http://bit.ly/MeetElanOnline",Elan Toastmasters Hyderabad,1st & 3rd Saturday,3:00 pm - 5:00 pm,Hyderabad,TG,500084,India, 06/03/2009,ANNUAL,Community,Group Specific,N,ACTIVE,+91 98101 54696,9.98988055781064E+029,elantm.hyderabad@gmail.com,http://bit.ly/etmonmeetup,YES,2021-09-22,District Email
1390103,Microsoft Hyderabad Toastmasters,1,E,98,Microsoft Campus Gachibowli Hyderabad,Microsoft Campus Bldg 1 Gachibowli,2 Wednesdays / Month,4:30 pm,Hyderabad,TG,500032,India, 08/14/2010,ANNUAL,Company,Group Specific,N,ACTIVE,+91 77384 50970,,manoharkumardm@gmail.com,,YES,2021-09-22,District Email
2694327,Toastmasters CBIT,1,E,98,Chaitanya Bharathi Institute of Technology,"Osman Sagar road, Ocean Park",Friday,"4:30 pm, 5:45 pm",Hyderabad,TG,500075,India, 09/24/2012,SEMIAN,College,Open,N,ACTIVE,+91 99127 18027,,cbittoastmaster@gmail.com,https://instagram.com/tmcbit?igshid=xxofo1lq5v84,YES,2021-09-22,District Email
3743725,Ben's Toastmasters,1,E,98,Franlin Templeton International Services(India),FT Park 18-23 Financial District,Wednesday,5 pm to 6 pm,Hyderabad,TG,500019,India, 04/01/2014,ANNUAL,Company,Group Specific,N,INEL,+91 95053 09949,,gkumar1@franklintempleton.com,,YES,2021-09-22,District Email
7799944,SLIC Toastmasters,1,E,98,"Head Office, Shriram Life Insurance COmpany Plot 31 & 32, 5th & 6th Floor, Ramky Selenium","Financial District, Gachibowli",2nd & 4th Friday,3:00 PM,Hyderabad,TG,500032,India, 08/14/2020,ANNUAL,Company,Group Specific,Y,ACTIVE,+91 4023009400 Extn 372,,toastmasters@shriramlife.in,,YES,2021-09-22,District Email
7847230,Spoorthy Telugu Toastmasters,1,E,98,Community Hall,Hyderabad,2nd & 4th Saturdays,8:30PM,Hyderabad,TG,500001,India, 01/15/2021,ANNUAL,Community,Open,N,ACTIVE,+91 99854 26211,,v.rajnish@gmail.com,https://spoorthytelugutoastmasters.toastmastersclubs.org/,YES,2021-09-22,District Email
946002,Hyderabad Toastmasters,2,E,98,Zoom Online meetings,Zoom Online meetings,2nd & 4th Sunday,10:00 am- 12:30 PM,Hyderabad,TG,500034,India, 11/17/2006,ANNUAL,Community,Open,Y,ACTIVE,+91 99714 15584,919490751327,vp.pr@hyderabadtoastmasters.in,http://meetup.com/hyderabadtoastmasters,YES,2021-09-22,District Email
1041988,Synopsys Hyderabad Toastmasters,2,E,98,"Synopsys India Pvt. Ltd.,","7th Floor, Block B, DivyaSree Omega, Survey no 13, Kondapur",1st & 3rd Tuesday,11:00AM,Hyderabad,AP,500032,India, 08/01/2007,ANNUAL,Company,Group Specific,N,ACTIVE,+91 87675 24123,,tm-hyd@synopsys.com,,YES,2021-09-22,District Email
4504233,Techmahindra Toastmasters Club (Infocity),2,E,98,"Tech Mahindra Auditorium A-Wing, 2nd Floor, Infocity Campus","10-3-3/22,Prabhat Park View Apartme",Fridays,11:00 AM,Secunderabad,TG,500026,India, 03/01/2015,SEMIAN,Company,Open,N,ACTIVE,+91 98480 06240,,ECHydToastmastersClub@TechMahindra.com,,YES,2021-09-22,District Email
6623002,TCS HYD Maitree Kohinoor Park Toastmasters Club,2,E,98,Tata Consultancy Services Kohinoor Park Conference Room 8NRuby," TCS Kohinoor Park, Plot No 1,",Saturday,4:00 PM - 5:30 PM,Hyderabad,TG,500084,India, 07/14/2017,SEMIAN,Company,Group Specific,N,LOW,+91 81436 62408,,tcshydmaitree.kptmclub@gmail.com,,YES,2021-09-22,District Email
7877640,TA Digital Toastmasters Club,2,E,98,"TA Digital Plot No 28, 3rd Floor","N Heights, Phase 2, Madhapur",2nd & 4th Thursday,3:00 - 4:30 PM IST,Hyderabad,TG,500081,India, 03/31/2021,ANNUAL,Company,Group Specific,N,ACTIVE,+91 9796684393,,shikhaA@tadigital.com,,NO,2021-09-22,District Email
2669965,"Infosys Toastmasters, Hyderabad Prakriti",3,E,98,"Infosys Limited, SEZ Unit 1 Virtual: Zoom Platform","Acacia, Building 2, Floor 4,",Saturday,15:30 - 17:00,Hyderabad,TG,500088,India, 09/01/2012,SEMIAN,Company,Group Specific,N,ACTIVE,+91 98862 70297,,TM-Club_Prakriti@infosys.com,,YES,2021-09-22,District Email
6662202,TCS Maitree Adibatla Toastmasters Club,3,E,98,TCS Adibatla Gurukul,TCS Adibatla,Saturday,10:30 - 12:00 IST,Hyderabad,TG,501510,India, 09/14/2017,SEMIAN,Company,Group Specific,N,ACTIVE,+91 99663 91012,,tmadibatla@gmail.com,,YES,2021-09-22,District Email
7308980,ANURAG Toastmasters,3,E,98,"ANURAG  UNIVERSITY, Ghatkesar Transportation","Ghatkesar, Medchal Dist",Every Sunday,3:00-5:00 PM,Hyderabad,TG,501301,India, 02/20/2019,SEMIAN,College,Group Specific,N,ACTIVE,+91 91009 92457,,sarikasandeep@gmail.com,http://anurag.edu.in/anuragtm,YES,2021-09-22,District Email
7533654,StoryDellers,3,E,98,Dell International Services Meeting Room Austin,"Plot 42 Hitech City Rd, Madhapur",Friday,4:30 pm,Hyderabad,TG,500081,India, 01/23/2020,ANNUAL,Company,Group Specific,N,ACTIVE,+91 98495 08279,,Srinivasa_Budde@Dell.com,,YES,2021-09-22,District Email
7681349,GH ReveRB,3,E,98,Reckitt Benckiser,"Skyview Tower #20, Fl 12, Madhapur",1st & 3rd Thursday,12:00 - 1:30 PM,Hyderabad,TG,500081,India, 06/15/2020,ANNUAL,Company,Group Specific,N,INEL,+ 9100974939,,DLGHToastmasters@RB.com,,NO,2021-09-22,District Email
2221384,Invesco India Toastmasters Club,4,E,98,Invesco Hyderabad Pvt Ltd DivyaSree Orion SEZ,"14th & 15th Floor, Block 6, North Tower, Survey # 66/1, Raidurga",Alternate Fridays,3:00 pm - 4:30 pm,Hyderabad,TG,500032,India, 04/11/2012,ANNUAL,Company,Group Specific,N,ACTIVE,+91 40 6748 0329,,Tara.Varghese@invesco.com,http://iitmc.toastmastersclubs.org/,YES,2021-09-22,District Email
4800980,Stagecoach Hyderabad Toastmasters,4,E,98,"Currently Meeting via Zoom Wells Fargo Center - Learning Room Behind Amphitheater, Tower II",Bldg 1A Orion SEZ,1st & 3rd Thursday,11:00AM - 12:30 PM,Hyderabad,TG,500032,India, 06/29/2015,ANNUAL,Company,Group Specific,N,ACTIVE,+91 95151 33429,,stagecoachhyderabadtoastmaster@gmail.com,,YES,2021-09-22,District Email
7709596,RG Titans,4,E,98,G Pullaiah Engineering College Ravindra College of Engineering for Women,"Nandikotkur Rd, Venkayapalli",Saturdays,2:00 - 3:00 PM,Kurnool,AP,518452,India, 05/09/2020,SEMIAN,College,Group Specific,N,INEL,91-7799977989,,chairman@gpcet.ac.in,,YES,2021-09-22,District Email
7833894,Toastmasters For Hyderabad Entrepreneurs,4,E,98,Physical and Online (Zoom) Behind Hotel Sitara Grand,"B1-307, Sree Hemadurga Towers",Sundays,7:00 - 9:00 PM,Hyderabad,TG,500049,India, 11/30/2020,SEMIAN,Community,Open,N,ACTIVE,+91 9949158935,,toastmasters4hydentrepreneurs@gmail.com,,YES,2021-09-22,District Email
7893922,SRIT - Eloquent Speakers,4,E,98,"ELCS Lab, Main Block Srinivasa Institute of Technology, Ananthapuramu","BKS Mandal, Rotarypuram",1st & 3rd Saturday,2:00 - 4:30 PM,Ananthapuramu,AP,515701,India, 05/12/2021,ANNUAL,College,Group Specific,N,ACTIVE,7799797555,,waheeda.hs@srit.ac.in,,NO,2021-09-22,District Email
1431155,Broadridge Toastmasters Club,1,F,98,Broadridge Financial Solutions (India) PVT LTD,"Adjacent to Cyber Towers,",2nd & 4th Thursday,3:30PM - 5:00 PM,Hyderabad,AP,500081,India, 01/12/2010,ANNUAL,Company,Group Specific,N,ACTIVE,+91 92837 84729,,Ramakrishna.tetakali@broadridge.com,,YES,2021-09-22,District Email
1530783,Madhapur Toastmasters,1,F,98,PLEASE check fb group or telegram link Join Telegram channel for all meeting updates: https://bit.ly/Toastmasters_MTM,Madhapur or HiTech city general area,2nd & 4th Saturday,9:55 am - 12:00 pm,Hyderabad,TG,500081,India, 10/07/2010,ANNUAL,Community,Open,N,ACTIVE,+91 98853 06231,9160003936,harsh@harshsinghal.com,http://www.meetup.com/madhapurtm,YES,2021-09-22,District Email
4731654,JPMC Hyderabad Toastmasters,1,F,98,"JP Morgan Chase & Co., Hyderabad This club is open to employees of JPMC only","Building 11, Raheja Mindspace",Thursday,11:30 AM - 1:00 PM,Hyderabad,TG,500 081,India, 05/27/2015,SEMIAN,Company,Group Specific,N,ACTIVE,+91 96184 15260,,Nikitabhatia.icbi@gmail.com,,YES,2021-09-22,District Email
6779917,Pega Toastmasters Club,1,F,98,"Mysore Palace Conference Room 14th Flr, Building 12 A","Raheja IT Park, Building 12A,",Thursday,2PM,Hyderabad,TG,500081,India, 12/01/2017,ANNUAL,Company,Open,N,INEL,+91 95026 37181,,santanu.bhattacherjee@in.pega.com,,YES,2021-09-22,District Email
7318924,Statestreet Hyd Toastmasters Club,1,F,98,State Street Hyderabad,"Orwell-1, Salarpuria Sattva",2nd & 4th Tuesdays,4:00 - 5:30 PM,Hyderbad,TG,500081,India, 12/03/2019,ANNUAL,Company,Group Specific,N,ACTIVE,+91 97899 83537,,jayaraj.verma@gmail.com,https://www.toastmasters.org/Find-a-Club/07318924-statestreet-hyd-toastmasters-club,YES,2021-09-22,District Email
7902837,Parker Hyderabad Speaks To Lead Toastmasters Club,1,F,98,Company Meeting Hall,,1st & 3rd Saturday,2:00 - 4:30 PM,Hyderbad,TG,502319,India, 08/11/2021,ANNUAL,Company,Group Specific,N,ACTIVE,+91 9866582641,,bgovardhan@parker.com,,NO,2021-09-22,District Email
1340464,TCS Maitree Hyderabad Toastmasters Club,2,F,98,Tata Consultancy Services Deccan Park,"Plot No 1 Survey No 64/2, Software Units Layout, Madhapur",Thursday,12:30 pm - 1:45 pm,Hyderabad,TG,500034,India, 06/02/2009,SEMIAN,Company,Group Specific,N,ACTIVE,+91 86863 20954,9959833079,deccanpark.toastmasters@tcs.com,http://tmhtc.toastmastersclubs.org/,YES,2021-09-22,District Email
1466666,ADP Hyderabad Toastmasters,2,F,98,Hyderabad,"ADP Pvt Ltd, F9 Somajiguda.",Wednesday or thursday,5:00 pm,Hyderabad,AP,500082,India, 04/01/2010,SEMIAN,Company,Group Specific,N,ACTIVE,,914023408600,uma.muthyala@adp.com,,YES,2021-09-22,District Email
4040445,CMC Hyderabad,2,F,98,"CMC Hyderabad, CMC Limited","CMC Centre, Gachibowli",Thursday,12:15 PM - 1:15 PM,Hyderabad,TG,500 032,India, 06/26/2014,SEMIAN,Company,Open,N,INEL,+1 996-668-8278,,,,YES,2021-09-22,District Email
5030861,Roots Toastmasters,2,F,98,Roots College Raj Bhavan Road,"Somajiguda, Near Katriya Hotel",Thursday,2:00 - 3:00 p.m.,Hyderabad,TG,500082,India, 11/06/2015,ANNUAL,College,Group Specific,N,ACTIVE,+91 80089 56271,,siddhartha@roots.ac.in,https://mackartik.wixsite.com/website,YES,2021-09-22,District Email
7913167,ZF Toastmasters,2,F,98,ZF India Technology Center,"Financial Dist, Nanakaramguda",2nd & 4th Wednesday,4:00 - 6:00,Hyderabad,TG,500032,India, 06/30/2021,ANNUAL,Company,Group Specific,N,ACTIVE,+91-85005 37995,,omkar.chogc821994@gmail.com,,YES,2021-09-22,District Email
2254770,Toastmasters at Novartis Hyderabad,3,F,98,Novartis Healthcare Pvt Ltd,Salarpuria Sattva Knowledge City,2nd & 4th Thursday,3:00 to 4:30 PM,Hyderabad,TG,500081,India, 03/01/2012,ANNUAL,Company,Group Specific,N,ACTIVE,+91 90046 43540,,toastmasters.hyderabad@novartis.com,,YES,2021-09-22,District Email
7432531,RMSI Hyderabad Toastmasters Club,3,F,98,"Veda Training Room, RMSI Pvt Ltd Vega, The V, Floor 11, Right Wing, Plot 17","Plot No 17, Vega, The V, right wing",Friday,11:00 AM - 12:30 PM,Hyderabad,TG,500081,India, 06/30/2019,SEMIAN,Company,Group Specific,N,ACTIVE,+91 40 4434 7100,,vipparathi.solmon@rmsi.com,http://www.rmsi.com/,YES,2021-09-22,District Email
7657911,Kiet Toastmasters Club,3,F,98,"Kakinada Institute of Engineering and Technology Kiet, Yanam Road, Matlapalem","Tallarevu Mandal, Korangi",Sundays,10:30 AM - 12:00 PM,Corangi,AP,533461,India, 08/10/2020,SEMIAN,College,Group Specific,N,ACTIVE,+91 77949 60609,,toastmasters.kiet2020@gmail.com,,NO,2021-09-22,District Email
7780796,KW's Silver Tongue Toastmasters Club,3,F,98,"Kakinada Institute of Engineering and Technology for Women Korangi, Kiet, Yanam Road","Matla Palem, Talla Revu Mandal",Thursdays,2:00- 4:00 PM,Korangi,AP,533461,India, 08/07/2020,SEMIAN,College,Group Specific,N,ACTIVE,+91 8919774468,,kwtoastmastersclub@gmail.com,,YES,2021-09-22,District Email
7912189,MANAGE Toastmasters,3,F,98,"MANAGE Building, MANAGE Rd, Rajendranagar","C/O P. Bharathi Rani, MANAGE Admin",1st & 3rd Sundays,4:00 PM-5:30PM,Hyderabad,TG,500030,India, 06/25/2021,ANNUAL,College,Group Specific,N,ACTIVE,+1 919704380002,,ravinder.grover@gmail.com,,NO,2021-09-22,District Email
3492833,Waltair Toastmasters Club,4,F,98,Video Conferencing,Online meetings only,Saturday,17:00,Visakhapatnam,AP,530022,India, 12/05/2014,SEMIAN,Community,Open,N,ACTIVE,+91 99852 00070,,waltairtmc@gmail.com,http://waltair.toastmastersclubs.org/,YES,2021-09-22,District Email
6943597,L&T Vizag Toastmasters Club,4,F,98,"8-D, Dutt Iland, Siripuram Jn Visakhapatnam","L&T, Scindia Rd, Old Gostani Gate",Every Sunday,1200 to 1330 hrs,Visakahapatnam,AP,530014,India, 04/06/2018,SEMIAN,Company,Group Specific,N,ACTIVE,+91 99855 86805,,hk.pani@larsentoubro.com,,YES,2021-09-22,District Email
7402154,Pragati Toastmasters Club,4,F,98,"S29, Pragati Engineering College, Kakinada",1-378 ADB Rd Surampalem,Mondays,3:00 PM,Kakinada,AP,533437,India, 04/26/2019,SEMIAN,College,Group Specific,N,ACTIVE,+1 891-920-5401,,toastmasters@pragati.ac.in,,NO,2021-09-22,District Email
7825838,GITAM Toastmasters Club,4,F,98,GITAM Institute of Technology and Management Room no 115,"GITAM University, Gandhi Nagar,",Sundays,11:00 AM,Visakhapathan,AP,530045,India, 10/13/2020,SEMIAN,College,Group Specific,N,ACTIVE,+91 70938 74007,,toastmasters_sig@gitam.in,,YES,2021-09-22,District Email
7912450,Coastline Toastmasters Club,4,F,98,"Sai Krupa Enclave meeting hall Krishnarayapuram, near Vepagunta","6-148, Sai Krupa Enclave",Saturday,06:00PM,Visakhapatnam,AP,530047,India, 06/22/2021,SEMIAN,Community,Open,N,ACTIVE,+91 94909 82362,,coastlinetoastmasters@gmail.com,,YES,2021-09-22,District Email
991226,Vision Toastmasters (community Club),1,G,98,"Room No. 6, Ground Floor, St. Mary's College,","Near Yousufguda Checkpost, Yousufguda,","1st, 3rd, & 5th Sunday",10:00 am,Hyderabad,TG,500045,India, 01/20/2007,ANNUAL,Community,Open,N,ACTIVE,+91 80991 58597,9.39308231293931E+029,vision.toastmasters@gmail.com,http://meetup.com/Vision-Toastmasters-Of-Hyderabad,YES,2021-09-22,District Email
2097754,Oracle Hyderabad Toastmasters,1,G,98,Oracle Campus,Oracle Campus Phase 1,2nd and 4th Wednesday,4:00PM,Hyderabad,TG,500081,India, 11/06/2011,ANNUAL,Company,Group Specific,N,ACTIVE,+91 99854 01868,,sirisha1241@gmail.com,,YES,2021-09-22,District Email
7171974,HRDC Toastmasters,1,G,98,Shanti Conference Room,"Building 12C, Carrier Corporation",Saturday,2:30-4:00 PM,Hyderabad,TG,500081,India, 10/15/2018,SEMIAN,Company,Group Specific,N,ACTIVE,+91 89784 08281,,hrdctoastmasters@gmail.com,,YES,2021-09-22,District Email
7722776,CKM Toastmasters,1,G,98,"DSS Sustainable Solutions, CoWrks The SkyView Building, Building 10, Floor 2, Sy no 83/1 Raidurgam",Hitech City Main Rd,Thursday,3:30 PM,Hyderabad,TG,500081,India, 04/01/2020,SEMIAN,Company,Open,N,ACTIVE,+91 99866 90736,,toastmaster.ckm@gmail.com,,YES,2021-09-22,District Email
7865258,Modak Toastmasters Club,1,G,98,The Platina,"B-407 Phase II, Jayabheri Enclave",1st & 3rd Thursday,3:00 - 4:30 PM IST,Hyderabad,TG,500032,India, 03/23/2021,ANNUAL,Company,Group Specific,N,ACTIVE,+91 8977156337,,veni.ashish@gmail.com,,NO,2021-09-22,District Email
1095031,Indian School of Business Toastmasters,2,G,98,Indian School of Business,Gachibowli,Friday,11.00 am,Hyderabad,TG,500 032,India, 01/01/2008,ANNUAL,College,Group Specific,N,ACTIVE,+91 83689 66755,918142555432,,,YES,2021-09-22,District Email
3216981,Toastmasters of Capgemini Hyderabad,2,G,98,Capgemini Office Hyderabad Microsoft teams,"IT Park 1,115/32&35 Nanakramguda",Saturday,3 PM,Hyderabad,TG,500032,India, 12/18/2013,ANNUAL,Company,Group Specific,N,INEL,,,kranthi.kodali@capgemini.com,,YES,2021-09-22,District Email
4486936,"Hitachi Vantara Toastmasters Club, Hyderabad",2,G,98,Hitachi Consulting Software Services India Pvt. Limited Hyderabad,"Plot No. 9, Nanakramguda Village, Gachibowli",Every Saturday,2.30 to 4.30,Hyderabad,TG,500032,India, 03/23/2015,SEMIAN,Company,Group Specific,Y,ACTIVE,+91 97119 68344,,sarthak.bhatnagar@hitachivantara.com,,YES,2021-09-22,District Email
6557404,BVRIT Hyderabad TM Club,2,G,98,BVRIT Hyderabad College of Engineering,8-5/4 Rajiv Gandhi Nagar,Saturday,4.00:00 PM to 6.00:00 PM,Hyderabad,TG,500090,India, 06/19/2017,SEMIAN,College,Open,N,ACTIVE,+91 94405 27274,,kasturytm@gmail.com,,YES,2021-09-22,District Email
7074267,AVEVA Toastmasters Club,2,G,98,AVEVA Solutions India LLP,"WaveRock, Sy.115 TSIIC IT/ITES SEZ",Alternative Saturdays,11:00 AM,Hyderabad,TG,500032,India, 08/11/2018,ANNUAL,Company,Group Specific,N,ACTIVE,+91 94939 83699,,likhith.unnam@aveva.com,,NO,2021-09-22,District Email
7860741,Legato Influencers,2,G,98,"Online (Webex or MS teams) Laxmi Infobahn, Floors8-10 of T1 and T2, Kokapet Village","Gandipet Mandal, Ranga Reddy Dist",2nd & 4th Thursday,2:00 - 3:30 PM,Hyderabad,TG,500075,India, 06/30/2021,ANNUAL,Company,Group Specific,N,ACTIVE,+91 8917615491,,shaj.mohammed@legatohealth.com,,YES,2021-09-22,District Email
5906439,Nizampet Toastmasters,3,G,98,"4th Floor, Sri Sri PREMA Gandhi Imarat, Jai Bharat Nagar, Nagarjuna Homes",Lane opposite to Kavitha Jewellers,First and Third Sundays of every month,10:00 am - 12:15 pm,Hyderabad,TG,500090,India, 10/01/2017,ANNUAL,Community,Open,N,ACTIVE,+91 97045 61888,,nizampet.tm@gmail.com,,YES,2021-09-22,District Email
6563084,USP Orators,3,G,98,India GE Gyan Training Room United States Pharmacopeia- India(P) Ltd.,"Plt #D6/D8, IKP Knowlege Park","1st & 3rd week of month, thursday",2:30 pm to 4:30 pm,Hyderabad,TG,500101,India, 02/18/2018,ANNUAL,Company,Group Specific,N,ACTIVE,+91 88888 76654,,skb@usp.org,,YES,2021-09-22,District Email
6945484,VJIM Toastmasters,3,G,98,Vignana Jyothi Institute of Management,Vignana Jyothi Institute,Every Saturday,10.00 -12.00,Hyderabad,TG,500090,India, 04/30/2018,SEMIAN,College,Group Specific,N,ACTIVE,+91 78932 02457,,vjimtoastmasters@vjim.edu.in,,YES,2021-09-22,District Email
7542047,BITS-H Toastmasters Club,3,G,98,"BITS, Pilani, Hyderabad Campus","BITS Pilani, Hyderabad Campus",Every Thursday,18:30-20:00 IST,Hyderabad,TG,500078,India, 01/01/2021,ANNUAL,College,Group Specific,N,ACTIVE,+91 92073 26751,,f20170869@hyderabad.bits-pilani.ac.in,,NO,2021-09-22,District Email
7913008,UBS Hyderabad Toastmasters Club,3,G,98,"UBS Business Solutions (India) Pvt Ltd Blk B, 14th, 15th & 16th, Phoenix Aquila, Phase 1&2, Survey number 115/53","Financial District, Ranga Reddy",2nd & 4th Thursday,10:30 AM,Hyderabad,TG,500032,India, 06/30/2021,ANNUAL,Company,Group Specific,N,ACTIVE,+91 60399950,,naveen.veeramally@gmail.com,,NO,2021-09-22,District Email
702390,Infosys Hyderabad Toastmasters Club (IHTMC),4,G,98,Infosys Limited,"Survey No. 210, Manikonda Village",Alternate Thursdays,5:30 PM,Hyderabad,TG,500 032,India, 07/28/2004,ANNUAL,Company,Group Specific,N,LOW,+91 80967 09373,9140423005222,,https://ihtmc.toastmastersclubs.org/,YES,2021-09-22,District Email
2247357,Virtusa Hyderabad Toastmasters Club,4,G,98,Virtusa Campus Socrates/Confucious - Tentative,"Sy. No. 115, Nanakramguda Village",Wednesday,11:00 AM,Hyderabad,TG,500032,India, 02/29/2012,ANNUAL,Company,Group Specific,N,ACTIVE,+91 96762 43345,,vhtc@virtusa.com,,YES,2021-09-22,District Email
4637951,Xlrators-Miyapur,4,G,98,Ingenium International School Opposite deepthisrinagar park,Chandanagar,2nd & 4th Sunday,10:00 AM,Hyderabad,AP,500050,India, 06/30/2015,ANNUAL,Community,Open,N,ACTIVE,+91 81063 90803,,miyapur.xlrators@gmail.com,http://www.meetup.com/XLRATORS-Miyapur-Toastmasters-Club,YES,2021-09-22,District Email
7160333,HITAM Toastmasters Club,4,G,98,Hyderabad inst. Of tech and management,"HITAM College, Gowdavelli Medchal",1st & 3rd Saturday,10:00 AM - 12:00 NOON,Hyderabad,TG,502401,India, 10/01/2018,ANNUAL,College,Group Specific,N,ACTIVE,+91 99489 32336,,toastmasters@hitam.org,,NO,2021-09-22,District Email
7908104,Toastmasters For Cashflow Entrepreneurs,4,G,98,"6-123, Street No. 2, New Madhurapuri Colony","New Madhurapuri Colony, Almasguda",Fridays,18:30 H (IST),Hyderabad,TG,500058,India, 06/21/2021,SEMIAN,Community,Open,N,ACTIVE,+91 97010 29731,,tfcfe.excom@gmail.com,,NO,2021-09-22,District Email
3123809,Secunderabad Toastmasters,1,H,98,"Anahata Yoga Zone, 1st Floor- Plot 105 Teajs Dream Plaza, Defence Colony Sainikpuri, Secunderabad - 500026","Anahata Yoga Zone, Sainikpuri",Every Sunday,11.00 a.m. to 1.00 p.m.,Hyderabad,TG,500062,India, 04/01/2013,ANNUAL,Community,Open,N,ACTIVE,+91 98480 06240,,sectoastm@gmail.com,,YES,2021-09-22,District Email
7440234,Cyient Toastmasters Club,1,H,98,Cyient Ltd,"Survey 1,Plot 6,Uppal Ramanthur Rd",Weekly,11:00 AM - 12:30 PM,Hyderabad,TG,500039,India, 06/04/2019,ANNUAL,Company,Group Specific,N,ACTIVE,,,skvakati74@gmail.com,,NO,2021-09-22,District Email
7454302,Dilsukhnagar Toastmasters,1,H,98,Santoshi - The School of Happiness https://tinyurl.com/dntm115,"Plot 46, 16-2-753, Karmanghat Road",Every Sunday,1030 to 1200 hrs,Hyderabad,TG,500036,India, 06/04/2019,SEMIAN,Community,Open,N,ACTIVE,+91 94932 07356,,dilsukhnagar.toastmasters@gmail.com,,YES,2021-09-22,District Email
7701907,TechnipFMC Toastmasters,1,H,98,Technip FMC,"#12 Industrial Dev Area, Nacharam",Alternate Saturdays,4:30 - 6:00 PM IST,Hyderabad,TG,500076,India, 02/25/2020,ANNUAL,Company,Group Specific,Y,ACTIVE,+91 96607 39163,,tfmctoastmasters@gmail.com,,YES,2021-09-22,District Email
1534632,TCS Maitree Synergy Park Toastmasters Club,2,H,98,TCS Synergy Park Opposite to IIIT,Indian Immunologicals Colony,Friday,3:00 PM - 4:30 PM IST,Hyderabad,TG,500032,India, 08/14/2010,SEMIAN,Company,Group Specific,N,ACTIVE,+91 99087 32093,,dibya035643@gmail.com,,YES,2021-09-22,District Email
6768787,Toastmasters@HighRadius,2,H,98,Highradius Technologies,"DLF Cybercity, Plot 129-132",Every Saturday,12:30 pm,Hyderabad,TG,500019,India, 11/17/2017,SEMIAN,Company,Group Specific,N,ACTIVE,+91 99537 43637,,aditi.vatsyayana@highradius.com,,YES,2021-09-22,District Email
6886129,Alight Hyderabad Toastmasters Club,2,H,98,NGA HR India Pvt Ltd Maurya,"Block 2, DLF Cyber City",Alternate Tuesdays,3:00 PM,Hyderabad,TG,500019,India, 03/09/2018,ANNUAL,Company,Group Specific,N,ACTIVE,,,Lakshman.Kodupaka@ngahr.com,,NO,2021-09-22,District Email
7854456,Mehdipatnam Toastmasters Club,2,H,98,Neo Slate School - Murad Nagar - Mehdipatnam,"House 12-2-342/A/3, Syed Ali Guda",Sundays,12:00 - 1:30 PM IST,Hyderabad,TG,500028,India, 02/11/2021,SEMIAN,Community,Open,N,ACTIVE,919121395476,,moizahmed4@gmail.com,,NO,2021-09-22,District Email
1036431,Deloitte Hyderabad Toastmasters Club,3,H,98,"Deloitte Towers  P Janardhan Reddy Nagar, Gachibowli"," P Janardhan Reddy Nagar,",Every Saturday,11:00 AM to 12:30 PM,Hyderabad,TG,500032,India, 05/04/2007,SEMIAN,Company,Group Specific,N,ACTIVE,+91 73308 45953,9866314840,smantripragada@deloitte.com,,YES,2021-09-22,District Email
1937401,Golden Falcon Toastmasters,3,H,98,"BA Continuum India Pvt Ltd Bldg 5, Raheja IT Park,","Bldg 5, Raheja IT Park,",Friday,11:30AM-1PM/ 2:30-4:00PM IST,Hyderabad,TG,500081,India, 10/28/2011,SEMIAN,Company,Group Specific,N,ACTIVE,+91 81423 53311,,dg.igen_golden_falcon_tm_ec@bofa.com,,YES,2021-09-22,District Email
3543283,Quest-Qualcomm's Enlightened Speakers of Tomorrow,3,H,98,"Qualcomm, Building 6","Building #6, 3rd Floor",Thursday,6.00 pm - 7:30 pm,Hyderabad,AP,500081,India, 10/08/2013,SEMIAN,Company,Group Specific,N,ACTIVE,+91 98069 23192,,quest.ec@qti.qualcomm.com,,YES,2021-09-22,District Email
4799292,CDK Hyderabad Toastmasters Club,3,H,98,Training Room,"401&501, Bldg 12B,",Alternate Wednesday and Friday,3:00 pm,Hyderabad,TG,500084,India, 09/24/2015,SEMIAN,Company,Group Specific,N,ACTIVE,+91 87638 60749,,Spandana.Satpathy@cdk.com,,YES,2021-09-22,District Email
5488272,Eager Beaver's Toastmasters Club,3,H,98,HSBC Hexagon,Plot No. 3 & 4 Hitec City Layout,1st and 3rd Friday,4:00 - 5:30PM,Hyderabad,TG,500081,India, 05/08/2016,ANNUAL,Company,Group Specific,N,INEL,+91 99634 12424,,satyaramrajashekhar@gmail.com,,YES,2021-09-22,District Email
7895736,MitraTech Toastmasters Club,3,H,98,"Hybrid / Online Zoom Meeting / Mitratech India LLP 3rd Floor, A-Block, Accord Blu 8-2-610/68/1,2,3, Road No 10","Gaffar Khan Colony, Banjara Hills",1st & 3rd Thursday,11:30 AM - 1:00 PM IST,Hyderabad,TG,500034,India, 05/31/2021,ANNUAL,Company,Group Specific,N,ACTIVE,+91 7993037360 / +91 9990912467,,phani.kiran@mitratech.com,,YES,2021-09-22,District Email
6887490,Guntur Toastmasters Club,4,H,98,Viva School,"VIVA SCHOOL,1ST FLOOR",Every Sunday,10:00 AM - 12:00 PM,Guntur,AP,522006,India, 04/19/2018,SEMIAN,Community,Open,N,ACTIVE,+91 83744 49005,,gunturtoastmasters@gmail.com,,YES,2021-09-22,District Email
7160802,PSCMR Toastmasters Club,4,H,98,ROOM NUMBER 122,PSCMRCET Kothapeta,saturday,4.30 to 6.30 pm,Vijayawada,AP,520010,India, 10/25/2018,SEMIAN,College,Group Specific,N,ACTIVE,+91 94943 52133,,divyasai892000@gmail.com,https://sites.google.com/view/pscmrtoastmasters/home?authuser=0,YES,2021-09-22,District Email
7326699,SVECW Speech Weavers Toastmasters,4,H,98,Shri Vishnu Engineering College for Women,Shri Vishnu Educational Society,Every Sunday,10:00- 11:30 AM,Bhimavaram,AP,534202,India, 03/06/2019,SEMIAN,College,Group Specific,N,ACTIVE,+91 94408 02922,,speechweavers0603@gmail.com,,YES,2021-09-22,District Email
7327622,S.R.K.R. Toastmasters,4,H,98,SRKR Engineering College Technology Centre,Chinna Amiram,Thursdays,5:30 - 7:00 PM,Bhimavaram,AP,534204,India, 03/08/2019,SEMIAN,College,Group Specific,Y,ACTIVE,+91 97394 76669,,srkrtoastmasters@gmail.com,,YES,2021-09-22,District Email
7913211,Vijayawada Toastmasters Club,4,H,98,"Hybrid / Online Zoom meeting Status Estates apartment flat 503, 74/13/2/21, Edpuganti Rd","New RTC Colony, Liberty Hospital",Saturdays,6:30 - 8:00 PM IST,Vijayawada,AP,520007,India, 06/29/2021,SEMIAN,Community,Open,N,ACTIVE,+91 8686248641,,sngupta1729@gmail.com,,YES,2021-09-22,District Email
2472534,Amdavad Toastmasters Club,1,J,98,"AMERICAN CORNER LIBRARY 302, Sun Square Building",Dr. Umashanker Joshi Marg,Sunday,10:30 AM to 12:30 PM,Ahmedabad,GUJ,380009,India, 06/01/2012,SEMIAN,Community,Open,N,ACTIVE,+91 96240 00276,,amdavadtoastmasters@gmail.com,http://amdavadtoastmasters.com/,YES,2021-09-22,District Email
6931486,Heritage City Toastmasters Club,1,J,98,"Prithvi Art Celebration SHRI SAHAJANAND ARTS & COMMERCE COLLEGE, Plot - b, Chandragupta society,b/h, Late Shri Ramanbhai Patel Marg, Ahmedabad Gujarat 380015","Plot - b, Chandragupta society",Saturday,3:00 - 5:00 PM,Ahmedabad,GUJ,380015,India, 06/01/2018,SEMIAN,Community,Open,N,ACTIVE,+91 95720 52463,,hctcamd@gmail.com,https://www.instagram.com/heritagecitytoastmasters/,YES,2021-09-22,District Email
7709614,CorpOrate Toastmasters Club,1,J,98,Online Online,"Adani Shantigram, Vaishnodevi",Saturday,2:00 PM,Ahmedabad,GUJ,382421,India, 12/12/2019,ANNUAL,Company,Group Specific,N,ACTIVE,+91 90990 05065,,agyogesh@gmail.com,,YES,2021-09-22,District Email
7876919,Cadence Ahmedabad Fortune Toastmasters Club,1,J,98,Cadence Amedabad office or Online Meetings,"101 Shivalik II, 132 Ft Ring Rd",2nd & 4th Wednesday,4:00 PM,Ahmedabad,GUJ,380015,India, 03/29/2021,ANNUAL,Company,Group Specific,N,ACTIVE,9825895695,,mineeta@cadence.com,,YES,2021-09-22,District Email
5689336,RG Speakers Toastmasters Club,2,J,98,Zoom- Online Meeting,Reliance Greens Township,Every Sunday,15:00,Jamnagar,GUJ,361142,India, 11/01/2016,ANNUAL,Company,Group Specific,N,ACTIVE,+91 79726 55289,,Jitesh.Khandelwal@ril.com,,YES,2021-09-22,District Email
7169553,RG Doyens,2,J,98,"Online through Zoom App Estate Office, Reliance Greens Township (Physical location)","Reliance Greens, Meghpar Village",Alternate Saturday and Alternate Sunday,"Saturday 6:30-8:30 PM , Sun 3 - 5 PM",Jamnagar,GUJ,361142,India, 12/21/2018,ANNUAL,Company,Group Specific,N,ACTIVE,+91 82009 92919,,contact-7169553@toastmastersclubs.org,http://rgdoyens.toastmastersclubs.org/,YES,2021-09-22,District Email
7182855,RG KDAV Speakers Toastmasters Club,2,J,98,KD Ambani Vidyamandir,"Reliance Greens,Motikhavdi District",2nd & 4th Saturday,1:30 PM,Jamnagar,GUJ,361142,India, 10/26/2018,ANNUAL,Company,Group Specific,N,INEL,+91 9413239022,,,,YES,2021-09-22,District Email
7185923,RG Orators Toastmasters Club,2,J,98,Reliance Greens,"Reliance Greens, Motikhavdi Dist",Tuesday/ Saturday,3:30 PM,Jamnagar,GUJ,361142,India, 12/21/2018,ANNUAL,Community,Group Specific,Y,ACTIVE,+91 70160 04808,,pravina.bharija@gmail.com,,YES,2021-09-22,District Email
7244872,RIL JMD Speakers Toastmasters Club,2,J,98,"Learning Centre, Reliance Industries Ltd, Jamnagar",PO Motikhavdi District,2nd & 4th Thursday,5:30 PM,Jamnagar,GUJ,361142,India, 04/18/2019,ANNUAL,Company,Group Specific,N,INEL,+91 8320899631,,mythili.sarathy@ril.com,,NO,2021-09-22,District Email
7403659,Rajkot Toastmasters Club,2,J,98,Hiren Thakker and Associates,"Chandra Chitt, BS Utkarsh School",2nd & 4th Sunday,11:00 AM,Rajkot,GUJ,360001,India, 04/18/2019,ANNUAL,Community,Open,N,ACTIVE,+91 98256 73376,,kela.kartik1@gmail.com,http://rajkottmc.com/,YES,2021-09-22,District Email
3220784,TCS BE@T Gandhinagar,3,J,98,Virtual Room (Microsoft Teams),"TCS, Garima Park",Saturday,11:30 AM,Gandhinagar,GUJ,382421,India, 11/03/2013,SEMIAN,Company,Group Specific,N,ACTIVE,+91 70416 25891,,ns202097@gmail.com,,YES,2021-09-22,District Email
6839027,TCS KALPAK TOASTMASTERS CLUB,3,J,98,"11th Floor, CR Room TCS Kalpak","TCS Kalpak, Gift City Tower 2",Saturday,03:00 PM - 04:30 PM (IST),Gandhinagar,GUJ,382355,India, 02/15/2018,SEMIAN,Company,Group Specific,Y,ACTIVE,+91 95125 91435,,shethhenali@gmail.com,,YES,2021-09-22,District Email
7636059,Gandhinagar Toastmasters Club,3,J,98,Zoom Meeting,NA,Sundays,10:30 AM,Gandhinagar,GUJ,382421,India, 10/01/2019,SEMIAN,Community,Open,N,ACTIVE,+91 94265 72506,,sshanishchara@gmail.com,,YES,2021-09-22,District Email
7877736,PIMA Toastmasters Club,3,J,98,"Pima Conference Hall Block 298, Sanathal Cross Road","Nr Bacha Motors, Sanathal",Thursdays,6:00 - 7:30 PM,Ahmedabad,GUJ,382210,India, 03/27/2021,SEMIAN,Company,Group Specific,N,ACTIVE,+91 70165 10586,,richa.solanki@pima.in,,NO,2021-09-22,District Email
4899367,RIL Toastmasters Club,1,M,98,ONLINE Conference or training Room,"Reliance Corporate Park, Ghansoli",Alternate Saturday,3:00 - 5:00 p.m.,Navi Mumbai,MAH,400701,India, 02/04/2016,ANNUAL,Company,Group Specific,N,ACTIVE,+91 22 4475 4659,,Mahesh.Puranam@ril.com,https://riltmc.toastmastersclubs.org/,YES,2021-09-22,District Email
6881120,UBS Mumbai Toastmasters Club,1,M,98,UBS Conference Room,"MIDC, Airoli Knowledge Park",1st & 3rd Tuesday,11:30 AM - 1:00 PM,Navi Mumbai,MAH,400708,India, 03/16/2018,ANNUAL,Company,Group Specific,N,ACTIVE,+91 97172 22344,,dbudas@gmail.com,,YES,2021-09-22,District Email
7231185,Kharghar Toastmasters Club,1,M,98,Vishwajyot High School 4th Floor,"82, Central Park Road",2nd & 4th Saturdays,4:00 PM,Navi Mumbai,MAH,410210,India, 01/04/2019,ANNUAL,Community,Open,N,ACTIVE,+91 95940 72272,,kharghartm.club@gmail.com,https://kharghar.toastmastersclubs.org/,YES,2021-09-22,District Email
7861024,Readers and Debaters Toastmasters Club,1,M,98,Online meeting conducted on Zoom. Guests from any part of the globe are welcome.,Online,Every Sunday,5:00PM - 7:15PM,Mumbai,MAH,400080,India, 03/01/2021,SEMIAN,Community,Open,N,ACTIVE,+91 88794 91034,,nashjackman@gmail.com,,YES,2021-09-22,District Email
7914844,ISB Modular Programmes Toastmasters Club,1,M,98,Online,,1st & 3rd Wednesday,8:30 - 10:00 PM,Hyderabad,TG,5000072,India, 06/30/2021,ANNUAL,Online Club,Group Specific,N,ACTIVE,+91 91333 34502,,venki.vety@gmail.com,,YES,2021-09-22,District Email
2380536,Agnel Toastmasters Club,2,M,98,"Fr. Agnel Poly Technic, Vashi","Agnel Technical Education Complex, Vashi",1st & 3rd Saturdays,4:30 pm,Navi Mumbai,MAH,400703,India, 01/01/2013,ANNUAL,Community,Open,N,ACTIVE,+91 98335 09321,,sunish.babu@gmail.com,http://www.agneltoastmasters.in/,YES,2021-09-22,District Email
6651953,Mastek Toastmasters Club,2,M,98,Conference Room,"Millenium Business Park, Mahape TTC",1st & 3rd Thursday,10:00 am - 12:00 pm,Navi Mumbai,MAH,400710,India, 09/30/2017,ANNUAL,Company,Group Specific,N,INEL,+91 93213 34831,,madhavi.juttiyavar@mastek.com,,NO,2021-09-22,District Email
7571457,GEP Toastmasters Club,2,M,98,"GEP Training Room GEP Office, Airoli","Airoli Knowledge Pk Rd, Airoli",Thursdays,7:00 - 8:00 PM,Navi Mumbai,MAH,400708,India, 10/15/2019,SEMIAN,Company,Group Specific,N,ACTIVE,9724006146,,GEPToastmasters.club@gep.com,,NO,2021-09-22,District Email
7798485,Airoli Bilingual Toastmasters Club,2,M,98,"Top Floor, ASAV, RH 2, Sumangal CHS opposite Datta Meghe Engineering College","Sector 2, Airoli",2nd & 4th Sunday,5:00 - 7:00 PM,NAVI MUMBAI,MAH,400708,India, 08/08/2020,ANNUAL,Community,Open,N,ACTIVE,9892978833 / 9821353403,,kavitha.legal@gmail.com,,NO,2021-09-22,District Email
7906093,Mumbai Communicators Toastmasters Club,2,M,98,Online,"C203 Romelle Empress, Borivali W",Sundays,11:00 AM IST,Mumbai,MAH,400103,India, 06/15/2021,SEMIAN,Community,Open,N,ACTIVE,9820995787,,sangita1312@gmail.com,,YES,2021-09-22,District Email
6770016,Palava Toastmasters Club,3,M,98,"Pawar Public School, Dombivali (AV Room) Casa Rio, Lodha Palava City, Off Kalyan Shil Road, Dombivali (East)","Casa Rio, Lodha Palava City",2nd & 4th Sunday,3:00 PM,Thane,MAH,421204,India, 11/24/2017,ANNUAL,Community,Open,N,ACTIVE,+91 89762 94682,,palavatmclub@gmail.com,,YES,2021-09-22,District Email
7753761,Speakathon Kalwa Toastmasters,3,M,98,Siemens Ltd Kalwa Works,"Thane Belapur Rd, Airoli",2nd & 4th Friday,17:45 - 19:45,Thane,MAH,400708,India, 02/26/2020,ANNUAL,Company,Group Specific,N,ACTIVE,+91 99675 84377,,amol.kashid@siemens.com,,YES,2021-09-22,District Email
7842156,Worley India Toastmasters Synergy,3,M,98,Online + Physical," Gigaplex, Building No.2 No. IT-5,",Friday,6.30 pm - 8.30 pm,Thane West,MAH,400610,India, 01/15/2021,ANNUAL,Company,Group Specific,N,ACTIVE,+91 90290 97889,,nilesh2108@gmail.com,,YES,2021-09-22,District Email
7849707,Speakers Community Toastmasters Club,3,M,98,"Online- Zoom, durnin COVID-19",,Every Sunday,4:00-5:30 PM,Mumbai,MAH,400703,India, 01/28/2021,SEMIAN,Community,Open,N,ACTIVE,+91-8369922103,,speakerscommunity.tmc@gmail.com,,YES,2021-09-22,District Email
5116082,Capgemini Mumbai Toastmasters Club,4,M,98,"Airoli Capgemini,","Yosemite SEZ, Capgemini",Every Saturday,4 p.m. - 5:30 p.m.,Navi Mumbai,MAH,400708,India, 06/01/2016,SEMIAN,Company,Group Specific,N,ACTIVE,+91 99028 37766,,cgmtc.in@capgemini.com,,YES,2021-09-22,District Email
6592002,Ghodbunder Toastmasters Club,4,M,98,"201-202, Parampara B, Cosmos Heritage OPP: Happy Valley, Manpada","201-202, Parampara B",Saturday's Weekly,7:00 pm - 9:30 pm,Thane,MAH,400610,India, 06/24/2017,SEMIAN,Community,Open,N,ACTIVE,+91 86930 27775,,ghodbundertoastmasters@gmail.com,http://www.ghodbundertoastmasters.com/,YES,2021-09-22,District Email
7106853,MTC Advanced Club,4,M,98,Mulund Gymkhana,"Mulund Gymkhana, Tata Colony",2nd & 4th Saturday,5:00 PM,Mumbai,MAH,400081,India, 09/05/2018,ANNUAL,Community,Group Specific,Y,INEL,+91 9769486386,,Jitesh.anand@gmail.com,,NO,2021-09-22,District Email
7763127,NMD Toastmasters Club,4,M,98,"NMD Campus Learning & Development, Reliance Industries Ltd","Nagothane MFG Division, Taluka-Pen",2nd & 4th Friday,5:00 - 6:00 PM,Raigad,MAH,402124,India, 06/08/2020,ANNUAL,Other/Specialized,Group Specific,N,ACTIVE,+91 99700 50379,,singh.shailza@gmail.com,,YES,2021-09-22,District Email
7849406,Worley India Toastmasters Harmony,4,M,98,Worley India Pvt. Ltd. Office Conference rooms,"Gigaplex, Bldg 2, Plot no. IT-5,",Saturday,10am-12pm,Navi Mumbai,MAH,400608,India, 01/12/2021,ANNUAL,Company,Group Specific,N,ACTIVE,+91 90290 97889,,wits@worley.com,,YES,2021-09-22,District Email
992223,Raisoni Institute's Diamond Toastmasters Club,1,N,98,"GH Raisoni College of Commerce Science and Technology Nagpur,","345, Shradha House",Thursday,1:00 pm,Nagpur,MAH,440 001,India, 01/22/2007,SEMIAN,College,Group Specific,N,ACTIVE,+1 07126620624125,7126620624125,anitarkshrivastava@gmail.com,,NO,2021-09-22,District Email
5893739,TCS Nagpur Toastmasters Club,1,N,98,"TCS Mihan, Arrival Block, Darbar Hall Tata Consultancy Services","TCS Mihan SEZ, Butibori",Alternate Saturdays,10:30 am - 12:30 pm,Nagpur,MAH,441108,India, 11/03/2016,ANNUAL,Company,Group Specific,N,ACTIVE,+91 85848 32151,,tcsnagpur.tmclub@gmail.com,,YES,2021-09-22,District Email
7825941,YCCE Verbalisers Toastmasters Club,1,N,98,"Language Lab, Department of Applied Science and Humanities","YCCE Campus, Hingna Rd Wanadobgri",2nd & 4th Friday,5:30 - 7:30 PM,Nagpur,MAH,441110,India, 03/01/2021,ANNUAL,College,Group Specific,N,ACTIVE,+91 7756899120,,toastmasters.ycce@gmail.com,,NO,2021-09-22,District Email
7911256,Raipur Toastmasters Club,1,N,98,"1936 Ward No 23 Behind Stadium Rd, Near BSNL mobile tower Kota, Raipur, Chhattisgarh",,Sunday,4:00-6:00PM,Raipur,CG,492010,India, 06/30/2021,SEMIAN,Community,Open,N,ACTIVE,+91 79999 63823,,raipurtoastmastersclub@gmail.com,,YES,2021-09-22,District Email
992337,Raisoni Institute's Emerald Toastmasters Club,2,N,98,Raisoni Institute,345 Shraddha House Kingsway,Tuesday,4:00 pm,Nagpur,MAH,440 001,India, 01/22/2007,SEMIAN,College,Group Specific,N,ACTIVE,+1 07126620624,7126620624,,,NO,2021-09-22,District Email
3531688,Nagpur Toastmasters Club,2,N,98,"India Peace Center Near Metro Railway office, Next to SBI and SP rural office",C.K. Naidu Road,2nd and 4th saturday,6:00-8:00 pm,Nagpur,MAH,440001,India, 01/10/2014,ANNUAL,Community,Open,N,ACTIVE,+91 99233 80011,,nagpurtoastmastersclub@gmail.com,,YES,2021-09-22,District Email
5757009,IIM Nagpur Toastmasters Club,2,N,98,"VNIT, South Ambazari Road",VNIT Campus,"Saturday or Sunday, as determined",10:00 PM,Nagpur,MAH,440022,India, 09/14/2016,ANNUAL,College,Group Specific,N,ACTIVE,,,club_toastmasters@iimnagpur.ac.in,,NO,2021-09-22,District Email
7811085,InfoCepts Toastmasters Club,2,N,98,"Galaxy hall, InfoCepts Technologies Pvt Ltd Floor 1, SP Infocity, Plot no 2","Sect 11, Dahegaon Mihan",2nd & 4th Wednesday,11:30 AM - 1:00 PM IST,Nagpur,MAH,441108,India, 09/09/2020,ANNUAL,Company,Group Specific,N,ACTIVE,+91 7405500372,,infoceptstoastmastersclub@gmail.com,,NO,2021-09-22,District Email
5742286,Provakta Toastmasters Club of IIM Raipur,3,N,98,Indian Institute of Management Raipur,"IIM Raipur, New Campus",Thursday,7:00 PM,Raipur,CG,493661,India, 09/01/2016,SEMIAN,College,Group Specific,N,ACTIVE,,,provakta_toastmasters@iimraipur.ac.in,,NO,2021-09-22,District Email
7185394,SSIPMT Spellbinders,3,N,98,"Seminar Hall, Academic Building C Block, SSIPMT, Raipur","SSIPMT, Old Dhamtari Road, Mujgahan",Fridays,4 PM,Raipur,CG,492001,India, 11/27/2018,SEMIAN,College,Group Specific,N,ACTIVE,+91 79999 63823,,ssipmtspellbinderstmclub@gmail.com,,YES,2021-09-22,District Email
7447795,Toastmasters @ Persistent Nagpur,3,N,98,"APJ Kalam Hall, Persistent System Limited",Persistent Systems Limited Plot 8&9,2nd & 4th Thursday,4:30pm - 5:30pm,NAGPUR,MAH,440022,India, 06/04/2019,ANNUAL,Company,Open,N,INEL,+91 95527 91167,,ajayppawar@gmail.com,,YES,2021-09-22,District Email
7735020,Loyal Toastmasters Club,3,N,98,"148,Entity New Ramdaspeth","148, ENTITY,  NEW RAMDASPETH",2nd & 4th Saturday,4:00 - 6:00 PM,NAGPUR,MAH,440010,India, 02/04/2020,ANNUAL,Community,Open,N,ACTIVE,+91 95270 82424,,loyaltoastmastersclub@gmail.com,,YES,2021-09-22,District Email
5762025,IMT Nagpur Toastmasters Club,4,N,98,"35 Km Milestone, Katol Road, SH 248, Dor","35 Km Milestone, Katol Road, SH 248",Friday,7:00 p.m. - 9:00 p.m.,Nagpur,MAH,441502,India, 09/30/2016,ANNUAL,College,Group Specific,N,ACTIVE,+91 98997 12769,,punjabi.ayush@gmail.com,,YES,2021-09-22,District Email
7073592,Gurukul.Education Toastmasters Club,4,N,98,"Gurukul.education, 741","741, first floor, Nelson Sq.",1st & 3rd Saturday,4:00 - 6:00 PM,Nagpur,MAH,440013,India, 09/06/2018,ANNUAL,Community,Open,N,ACTIVE,+91 94224 41701,,toastmasters.gurukuleducation@gmail.com,,YES,2021-09-22,District Email
7289583,BRIO Toastmasters Club,4,N,98,GHRCE Campus,"CRPF Gate 3,HTNGNA Rd,Digdoh Hills",Sundays,11.00am-1.00 pm,Nagpur,MAH,440016,India, 02/02/2019,SEMIAN,College,Group Specific,N,ACTIVE,+91 86986 59163,,manish.nair@raisoni.net,http://www.ghrce.edu.in/,YES,2021-09-22,District Email
7429657,Rungta Toastmasters Club,4,N,98,"T&P Conference Room, B-Block",Khoka-Kurud Rd,sunday,7:00-9:00,Bhilai,CG,490024,India, 05/01/2019,ANNUAL,Community,Open,N,ACTIVE,+91 86037 38013,,tmrungta@rungta.ac.in,,YES,2021-09-22,District Email
6539289,UBS Pune Toastmasters Club,1,O,98,UBS Business University Campus,"Building No. 8, Commerzone",Tuesday,11:00 am,Pune,MAH,411006,India, 05/10/2017,ANNUAL,Company,Group Specific,N,ACTIVE,+91 20 6742 5901,,varun-za.gupta@ubs.com,,NO,2021-09-22,District Email
6592020,Deutsche Bank Pune Toastmasters Club,1,O,98,"Deutsche Bank Operations International Jayaprakash Nagar, Yerwada","Business Bay, Wing 1",Wednesday,11:30 AM,Pune,MAH,411006,India, 06/14/2017,ANNUAL,Company,Group Specific,N,ACTIVE,+91 98197 83553,,ramachandran.venugopal@db.com,,YES,2021-09-22,District Email
6885728,SgAs Toastmasters Club,1,O,98,"Sungard Availability Services Floor 2, Wing 4, Cluster D, EON IT Park","Sungard AS, EON IT Park, Kharadi",Thursday,5:30 - 7:00 PM,Pune,MAH,411014,India, 03/13/2018,SEMIAN,Company,Group Specific,N,ACTIVE,+91 96048 26965,,sdshivekar@gmail.com,,YES,2021-09-22,District Email
7448369,Toastmasters for Pune Entrepreneurs 2.0,1,O,98,"Bhau Institute Training room, 2nd floor","N- 603, Heliconia, Magarpattacity,",Every Friday,7.00 pm,Pune,MAH,411028,India, 06/08/2019,SEMIAN,Community,Open,N,ACTIVE,+91 91457 26555,,tfpe2.0club@gmail.com,http://tfpe.toastmastersclubs.org/,YES,2021-09-22,District Email
2571105,Opulent Toastmasters Club Of Pune Camp,2,O,98,"Poona Women's Council School,","20, Kahun Rd, Nirman Vihar,",Every Sunday,11:00 am,Pune,MAH,411 001,India, 06/30/2012,SEMIAN,Community,Open,N,ACTIVE,+91 92841 72308,,gaddamyogeshwari1822@gmail.com,http://tmcpcamp.toastmastersclubs.org/,YES,2021-09-22,District Email
6716037,Aurangabad Toastmasters,2,O,98,The Learning Lab,"First Floor, Dr. Sodhi's Hospital",Saturday,7:00 pm - 8.30 pm,Aurangabad,MAH,413001,India, 10/02/2017,SEMIAN,Community,Open,N,ACTIVE,+91 78750 24700,,manojasrani@gmail.com,,YES,2021-09-22,District Email
7757012,Toastmasters Club of BMC Software Customer Success,2,O,98,BMC Software India 4th Floor meeting room,"Tower B, Airport Rd, Yerwada",Fridays,4:30 - 5:45 PM,Pune,MAH,411006,India, 02/24/2020,SEMIAN,Company,Group Specific,N,ACTIVE,+91 90493 15909,,yuvaraj_patil@bmc.com,,YES,2021-09-22,District Email
7870960,Mastering Leadership TMC,2,O,98,"MasterCard Office Business Bay, Wing 1, Tower A, 3rd Floor","Airport Rd, Yerwada",Alternate Friday,10:00 AM,Pune,MAH,411006,India, 03/22/2021,ANNUAL,Company,Group Specific,N,ACTIVE,+91 97664 54488,,kumaraashish@gmail.com,,YES,2021-09-22,District Email
5027867,Tietoevry Toastmasters Club,3,O,98,"Training Room - Lalkila- 1st Floor, EON1 Tieto India Private Ltd.","EON Free Zone, Wing 1, Cluster D",Wednesday,10:30 to 11:30 AM,Pune,MAH,411014,India, 10/01/2015,SEMIAN,Company,Group Specific,N,ACTIVE,+91 93731 04450,,Lokesh.Ranka@tietoevry.com,,YES,2021-09-22,District Email
6642875,Toastmasters Club of Pune South,3,O,98,Conducted online,conducted online,Saturday,4:30 PM to 6:30 PM,Pune,MAH,411040,India, 08/25/2017,SEMIAN,Community,Open,N,ACTIVE,+91 75075 01651,,tmakshaychillal@gmail.com,https://tmcpsouth.toastmastersclubs.org/,YES,2021-09-22,District Email
6783455,BNY Mellon - Pune Commerzone,3,O,98,"Commerzone, Pune","Bldg 8, Commerzone, Yerwada",Wednesday,5:00 - 6:30 PM,Pune,MAH,411005,India, 03/02/2018,SEMIAN,Company,Group Specific,N,ACTIVE,+91 70282 67176,,khooshbu.misra91@gmail.com,,NO,2021-09-22,District Email
7860776,Cadence Sparkling Toastmasters Club,3,O,98,Pune,,2nd & 4th Thursday,4-5:30,Pune,MAH,411006,India, 03/26/2021,ANNUAL,Company,Group Specific,N,ACTIVE,919158687860,,gdeval@cadence.com,,NO,2021-09-22,District Email
2150212,TSYS Pune Toastmasters Club,4,O,98,TSYS Ajanta Meeting Room,"3rd Floor, Muttha Towers, Don Bosco Rd, Yerwada",Friday,3:00 pm,Pune,MAH,411 006,India, 12/02/2011,SEMIAN,Company,Group Specific,N,ACTIVE,+91 98227 48354,,vikramsikka2007@gmail.com,,YES,2021-09-22,District Email
2973814,Toastmasters Club of Pune - North East,4,O,98,Symbiosis Law School,"New Airport Road, Viman Nagar",Tuesday,7:00-9:00 Pm,Pune,MAH,411014,India, 06/30/2013,SEMIAN,Community,Open,N,ACTIVE,+91 70668 37614,,simrit.sidhu@hotmail.com,http://punenortheast.toastmastersclubs.org/,YES,2021-09-22,District Email
3700901,Toastmasters Club of BMC Software,4,O,98,"Puspagiri Training Room, 4th Floor BMC","BMC Software, Wing 1, Tower B,",Friday,4:00 pm,Pune,MAH,411006,India, 02/21/2014,SEMIAN,Company,Group Specific,N,ACTIVE,+91 98601 73961,,kanchana.iyer@gmail.com,,YES,2021-09-22,District Email
7850062,STL Toastmaster Club,4,O,98,"Online Zoom Platform Sterlite Technologies Ltd, 4th Floor","Godrej Millenium,  9 Koregaon Park",Thursdays,2:30 - 4:00 PM,Pune,MAH,411001,India, 02/08/2021,SEMIAN,Company,Group Specific,N,ACTIVE,+91 9158595324,,indrani.roy@stl.tech,,NO,2021-09-22,District Email
1141787,Toastmasters Club of Pune,1,P,98,Foodcraft Institute (Maharashtra State Institute of Hotel Management and Catering Technology) Please call +91 9011971200  (TM Purva) or +91 8767331191(TM Rutuja) before you visit,"Near Bharatiya Vidya Bhavan School,",Saturday,4:30 pm,Pune,MAH,411016,India, 02/15/2008,SEMIAN,Community,Open,N,ACTIVE,+91 87673 31191,9850000556,tmcpvpm@gmail.com,https://sites.google.com/view/toastmasters-club-pune,NO,2021-09-22,District Email
7470706,Pune Marathi Toastmasters Club,1,P,98,"Club House, Mangalmurty Complex Near Sumadhu Veg Restaurant",Sinhgad Road,every Saturday,7 PM to 9 PM,Pune,MAH,411030,India, 06/19/2019,SEMIAN,Community,Open,N,ACTIVE,+91 99853 09575,,marathi.toastmasters@gmail.com,,YES,2021-09-22,District Email
7843205,Kolhapur Toastmasters Club,1,P,98,Second Home - An artistic environment,"Fl 3, Athafrv Plaza, Kawale Naka",Sundays,10:00 AM - 12:00 PM,Kolhapur,MAH,416012,India, 03/30/2021,SEMIAN,Community,Open,N,ACTIVE,+91 8983001177,,parekhkaranthechamp@gmail.com,,NO,2021-09-22,District Email
7870821,Druva Toastmasters Club,1,P,98,"Druva Office 9th Floor, The Pavillion Mall",Senapati Bapat Marg,2nd & 4th Friday,2:30 PM,Pune,MAH,411016,India, 03/26/2021,ANNUAL,Company,Group Specific,N,ACTIVE,+91 9406736293,,harsha.pandey@druva.com,,YES,2021-09-22,District Email
1534609,Toastmasters Club of Pune-West,2,P,98,"Class room XI-C, First Floor, Dr. Kalmadi Shamrao Junior College","Gulwani Maharaj Path, Ganeshnagar, Erandwane",Wednesday,6:30 p.m.,Pune,MAH,411038,India, 08/14/2010,SEMIAN,Community,Open,N,ACTIVE,+91 99224 10208,919764220933,shrutijgandhi09@gmail.com,http://punewest.toastmastersclubs.org/,YES,2021-09-22,District Email
5820914,Accenture Pune Toastmasters Club,2,P,98,"IT-7 Bldg, Flagship Infrastructure Pvt Ltd-SEZ, Survey No. 154/6 Rajiv Gandhi Infotech Pk Ph 1, Hinjewadi, Pune Maharashtra 411057"," IT-7 Bldg, Flagship Infrastructure",Saturday,3 PM to 5 PM,Pune,MAH,411057,India, 11/01/2016,SEMIAN,Company,Group Specific,N,ACTIVE,+91 84529 20269,,aniketajay31@gmail.com,,YES,2021-09-22,District Email
5970302,Cummins Pune Toastmasters Club,2,P,98,"Cummins Technical Center, India","CIL Campus, Gandhi Bhavan Road",Thursday,3.00PM - 4.30PM,Pune,MAH,411038,India, 01/01/2017,ANNUAL,Company,Group Specific,N,ACTIVE,+91 77988 74638,,pranay.sharma@cummins.com,https://easy-speak.org/portal.php?c=10993,YES,2021-09-22,District Email
6974223,Sinhgad Toastmasters Club,2,P,98,"Club House, Mangalmurty Complex",Sinhgad Road,Sunday,9:30 am - 12:00 pm,Pune,MAH,411030,India, 05/01/2018,SEMIAN,Community,Open,N,ACTIVE,+91 99751 25530,,chaitanyak4496@gmail.com,,YES,2021-09-22,District Email
2541278,Toastmasters Club Of Pune-Central,3,P,98,"SP College, Tilak Road, Pune","Room 13, Main Building, Sir Parshurambhau College",Monday,7:00 pm,Pune,MAH,411030,India, 06/26/2012,SEMIAN,Community,Open,N,ACTIVE,+91 94037 05222,,inamdar.himanshu@gmail.com,,YES,2021-09-22,District Email
6641278,3DS Pune Toastmasters Club,3,P,98,3DPLM Software Solutions Ltd Company premises,"15/B Pune Infotech Park, MIDC",Thursday,9:30 - 11:00 am,Pune,MAH,411057,India, 09/13/2017,ANNUAL,Company,Group Specific,N,ACTIVE,+1 912067936683,,prachi.mishra@3ds.com,,YES,2021-09-22,District Email
6643699,Persistent Pune Hinjewadi Toastmasters,3,P,98,Persistent Systems Limited Cubical B2 C2 4,"39 Phase 1, Rajiv Gandhi Tech Park",Saturdays,4:15 pm,Pune,MAH,411057,India, 09/19/2017,SEMIAN,Company,Group Specific,N,INEL,+91 86000 03225,,pankaj_malviya@persistent.com,,NO,2021-09-22,District Email
7771017,Fintree Toastmasters Club For Finance Professionals,3,P,98,FinTree Education Pvt Ltd,"1 Muktali Building, First floor",Fridays,8:00 PM - 9:30 PM,Pune,MAH,411004,India, 04/08/2020,SEMIAN,Community,Open,N,ACTIVE,+91 98336 71302,,aakashkumar2597@gmail.com,https://fintreetoastmasters.com/,YES,2021-09-22,District Email
7811400,Rainbow Toastmasters Club,3,P,98,Online Club,Online Club,Sundays,7:00 PM,Vadodara,GUJ,,India, 10/11/2020,SEMIAN,Online Club,Open,N,ACTIVE,+91 9370334481,,rainbowtoastmastersglobal@gmail.com,,YES,2021-09-22,District Email
5294613,Pune Advanced Toastmasters Club,4,P,98,"Deccan Gymkhana Club, BV Rao Conference Room","Survey No.759/1, Deccan Gymkhana",Saturdays - 2nd & 4th,2 to 4 pm,Pune,MAH,411004,India, 03/01/2016,ANNUAL,Community,Group Specific,Y,ACTIVE,+91 97143 38220,,Lakshmypramod@gmail.com,,YES,2021-09-22,District Email
5979643,e-Zest Toastmasters Club,4,P,98,"3rd Flr, Bldg IT9, Blue Ridge IT Park","SEZ Phase 1, Hinjawadi,",Saturday,11:00 a.m.,Pune,MAH,411057,India, 01/13/2017,SEMIAN,Company,Group Specific,N,ACTIVE,+91 73502 91207,,dhananjay.suryawanshi@e-zest.in,http://www.e-zest.com/,YES,2021-09-22,District Email
6941712,Toastmasters Club of Nashik,4,P,98,Symbiosis Institute of Operations Management,"Plot A-23, Shravan Sector",Saturday,5:00 pm - 6:30 pm,Nashik,MAH,422008,India, 05/31/2018,SEMIAN,Community,Open,N,ACTIVE,+91 99660 06253,,tmnashik@gmail.com,https://www.toastmasters.org/,YES,2021-09-22,District Email
7669989,CRISIL Pune Toastmasters Club,4,P,98,"CRISIL Limited IT-3, First Floor","Blue Ridge, Hinjewadi, Phase 1",Thursdays,11:30 AM - 1:00 PM,Pune,MAH,411057,India, 01/06/2020,SEMIAN,Company,Group Specific,N,ACTIVE,+1 981-980-1089,,rtrdurgesh@gmail.com,,NO,2021-09-22,District Email
7894528,Moog Toastmasters Club of Pune,4,P,98,To be determined,,2nd & 4th Monday,10-12:00pm,India,MAH,411057,India, 05/01/2021,ANNUAL,Company,Group Specific,N,ACTIVE,+91 9132292355,,abhatia@moog.com,,NO,2021-09-22,District Email
5163301,Deccan Toastmasters Club,5,P,98,"B.V. Rao Conference Hall Deccan Gymkhana Club, Deccan Gymkhana",B.V. Rao Conference Hall,Saturday,9:30AM - 12:00 Noon,Pune,MAH,411004,India, 01/01/2016,SEMIAN,Community,Open,N,ACTIVE,+91 96637 71271,,dtmcbasecamp@gmail.com,http://deccan.easy-speak.org/,YES,2021-09-22,District Email
7434850,Atlas Copco Gecia Toastmasters Club,5,P,98,Atlas Copco India Ltd Atlas Copco Gecia,Survey 247/2 Hinjawadi,Thursday,5:30am-7pm,Pune,MAH,411057,India, 05/30/2019,SEMIAN,Company,Group Specific,N,ACTIVE,+91 77096 79853,,utkarsha.mehta@rediffmail.com,,YES,2021-09-22,District Email
7711836,Cisco Eloquence Toastmasters Club,5,P,98,"Cisco Systems India Pvt. Ltd. P-17, Phase I, Rajiv Gandhi Infotech Park","Phase 1, Hinjewadi",Fridays,4.30 pm - 6.00 pm,Pune,MAH,411057,India, 12/29/2019,ANNUAL,Company,Group Specific,N,ACTIVE,+91 90350 74409,,ciscopunetoastmasters@gmail.com,,NO,2021-09-22,District Email
7798218,Toastmasters For Global Entrepreneurs,5,P,98,Pune,Pune,Thursdays,19:00 - 21:00,Pune,MAH,411021,India, 07/14/2020,SEMIAN,Community,Open,N,ACTIVE,+91 87668 77194,,shubhamd235@gmail.com,,YES,2021-09-22,District Email
5843297,Mahindra Worli Toastmasters,1,S,98,Mahindra Towers,"Dr GM Bhosale Marg,  Worli",2nd & 4th Friday,5:30 PM,Mumbai,MAH,400018,India, 01/01/2017,ANNUAL,Company,Group Specific,N,INEL,+91 98209 72704,,vartak.prasad@mahindra.com,https://mahindraworli.toastmastersclubs.org/,YES,2021-09-22,District Email
7065798,Sobo Toastmasters,1,S,98,Sydenham Institute of Management Studies Research and Entrepreneurship Education,"B-Road, Churchgate",2nd & 4th Sunday,11:00 AM - 1:00 PM,Mumbai,MAH,400020,India, 07/31/2018,ANNUAL,Community,Open,N,ACTIVE,+91 95526 83566,,sobo.tmc@gmail.com,,YES,2021-09-22,District Email
7290320,UPL Toastmasters Club,1,S,98,UPL House (Only for UPL employees) Online- Microsoft Teams,"610 B/12, Bandra Village",Alternate Tuesdays,6: 00 pm to 8:00 pm,Mumbai,MAH,400051,India, 03/07/2019,ANNUAL,Company,Group Specific,N,ACTIVE,+91 99304 60822,,swapnil.patil@upl-ltd.com,,YES,2021-09-22,District Email
7702926,Transunion Mumbai Toastmasters,1,S,98,"Transunion CIBIL Ltd Tower 2A & B, 19th Floor, One IndiaBulls Centre","Senapati Bapat Marg, Prabhadevi Rd",2nd & 4th Wednesday,5:00 - 6:30 PM,Mumbai,MAH,400013,India, 01/24/2020,ANNUAL,Company,Group Specific,N,INEL,+91 99300 45398,,kuldeep.das@transunion.com,,NO,2021-09-22,District Email
7774241,Evergreen Toastmasters Club,1,S,98,"Deloitte Haskins and Sells LLP 7th Floor, Building 10, Tower B", DLF Cyber City Complex,Every alternate Saturday,10:15 - 11:45,Gurugram,HR,122002,India, 10/19/2020,ANNUAL,Company,Group Specific,N,ACTIVE,+91 83758 66437,,skguptaca001@gmail.com,,YES,2021-09-22,District Email
7874066,All Elite Advanced Toastmasters Club,1,S,98,Online,,1st & 3rd Saturday,7:00 - 9:00 PM,Mumbai,MAH,400103,India, 03/17/2021,ANNUAL,Community,Group Specific,Y,ACTIVE,9892265285,,niyamla.menon@gmail.com,,YES,2021-09-22,District Email
993448,Mumbai Toastmasters,2,S,98,"Conference Room @ R D National College Off linking road, Bandra West, Mumbai",R D National College,Sunday,10:30 A.M.- 1:00 P.M.,Mumbai,MAH,400050,India, 02/20/2007,SEMIAN,Community,Open,N,ACTIVE,+91 89710 90458,9.19967522448982E+031,krishna.subramanian.87@gmail.com,http://mtm.toastmastersclubs.org/,YES,2021-09-22,District Email
7700494,CIPLA Toastmasters,2,S,98,Cipla Office,"289 Bellasis Rd, Mumbai Central E",2nd and 4th Saturday,10:30 AM to 12:00 Noon,Mumbai,MAH,400008,India, 01/08/2020,ANNUAL,Company,Group Specific,N,ACTIVE,+91 98741 38883,,pratik.jain2@cipla.com,,YES,2021-09-22,District Email
7807819,The Talking Tree,2,S,98,"The Federal Bank Ltd. C Wing, 2nd Floor, Laxmi Towers, Bandra Kurla Complex","Laxmi Towers, Bandra Kurla Complex",1st & 3rd Friday,5:00 PM,Mumbai,MAH,400051,India, 10/28/2020,ANNUAL,Company,Group Specific,N,ACTIVE,,,talent@federalbank.co.in,,YES,2021-09-22,District Email
7861075,Hindalco Toastmasters Club,2,S,98,"BIRLA CENURION, 7th Floor, Pandurang ROAD, Worli, Mumbai, 400018", Pandurang budhkar Road,1st & 3rd Friday,3:30pm-5:00PM,Mumbai,MAH,400067,India, 03/08/2021,ANNUAL,Company,Group Specific,N,ACTIVE,+91 7768843300,,suhas.kabra@adityabirla.com,,YES,2021-09-22,District Email
7903431,SP Jain Toastmasters Club Mumbai,2,S,98,"SP Jain School of Global Management, 1st Floor Kurla West",Kohinoor City Mall (Gate No. 1),1st & 3rd Sunday,6:30 PM (IST),Mumbai,MAH,400070,India, 06/10/2021,ANNUAL,College,Group Specific,N,ACTIVE,+91 2261887600,,ekta.sinha@spjain.org,,YES,2021-09-22,District Email
3217489,DADAR Toastmasters Club,3,S,98,"L.J Hall, Dadar West","L.J Hall, next to Lazaree saree shop, behind Punjab National Bank, Kelkar Road,",1st & 3rd Saturday,03:00 pm - 05:00 pm,Mumbai,MAH,400028,India, 06/08/2013,ANNUAL,Community,Open,N,ACTIVE,+91 91363 44073,,,http://dadar.toastmastersclubs.org/,YES,2021-09-22,District Email
6886479,BKC Fireflies Toastmasters,3,S,98,91 Springboard BKC,"91 Springboard BKC, Kagalwala House",1st & 3rd Thursday,18:30 - 20:00,Mumbai,MAH,400098,India, 06/02/2019,ANNUAL,Community,Group Specific,N,ACTIVE,+91 98198 36308,,bkcff19@gmail.com,,YES,2021-09-22,District Email
7709516,Acuris Mumbai Toastmasters,3,S,98,"Acuris, One Indiabulls Centre, Floor 14 Tower 2A, 841, Jupiter Mills Compound","SB Marg, Elphinstone Rd West",1st & 3rd Wednesday,6:00 - 7:00 PM,Mumbai,MAH,400013,India, 01/21/2020,ANNUAL,Company,Group Specific,N,ACTIVE,,,,,YES,2021-09-22,District Email
7829534,Toastmasters Club For Mumbai CAs,3,S,98,B/109 Vijay Nagar Junction of Eksar Rd and Yogi Nagar,Borivali West Mumbai,1st & 3rd Saturday,4:30 - 6:00,Mumbai,MAH,400091,India, 10/22/2020,ANNUAL,Community,Group Specific,N,ACTIVE,+91 9930492233,,ca.hardik.s@gmail.com,,YES,2021-09-22,District Email
7434194,UltraTech Toastmasters Club,4,S,98,"UltraTech Cement Conference Room, Floor 1, A Wing","Ahura Centre, Mahakali Caves Rd",2nd & 4th Saturday,17:15 to 18:15,Mumbai,MAH,400093,India, 05/31/2019,ANNUAL,Company,Group Specific,N,ACTIVE,+91 98218 29146,,phalgunhr@gmail.com,,YES,2021-09-22,District Email
7549134,Andheri Orators Toastmasters,4,S,98,"Room 237, 2nd Floor, Sardar Patel College of Engineering,","Bhavan's Clg Main Gate,",Every Sunday,10:50 AM,Mumbai,MAH,400058,India, 08/26/2019,SEMIAN,Community,Open,N,ACTIVE,+91 97115 53246,,sseth2743@gmail.com,https://andheriorators.toastmastersclubs.org/,YES,2021-09-22,District Email
7655880,GIA Toastmaster - India,4,S,98,"GIA India Labratory Pvt Ltd, Mumbai Office 10th Floor, Trade Center","Bandra-Kurla Cmplx, Bandra East",1st & 3rd Wednesday,7:00 PM,Mumbai,MAH,400098,India, 08/01/2020,ANNUAL,Company,Group Specific,N,ACTIVE,+91 2240851500 / +91 9819957284,,lsingh@gia.edu,,YES,2021-09-22,District Email
7677706,Santacruz Speakers Toastmasters Club,4,S,98,Rose Manor International School Ground Floor,"Central Avenue, Santracruz West",2nd and 4th Saturday,3:45 - 6:00 PM,Mumbai,MAH,400054,India, 01/21/2020,ANNUAL,Community,Open,N,ACTIVE,+91 98200 65619,,juzerudaipuri@gmail.com,http://santacruztmclub.toastmastersclubs.org/,YES,2021-09-22,District Email
7833944,Marico Toastmasters,4,S,98,"Marico Limited (Virtually via Microsoft Teams) 7th Floor, Kalina, Santacruz East","175 CST Rd, Grande Palladium",To Be Determined,Prospective Club,Mumbai,MAH,400098,India, 02/10/2021,ANNUAL,Company,Group Specific,N,ACTIVE,919819745380,,shilpa.jalgaonkar@marico.com,,YES,2021-09-22,District Email
1246728,Mulund Toastmasters Club,1,U,98,Mulund Gymkhana,"Teredesai Hall, 2nd Floor,",Saturday,6:00 pm,Mumbai,MAH,400081,India, 10/14/2008,SEMIAN,Community,Open,N,ACTIVE,+91 98195 45365,Bharath:9920734689Venkat:9920338442,jeetendrask@gmail.com,https://mulundtoastmastersclub.toastmastersclubs.org/,YES,2021-09-22,District Email
5105254,Stellar Toastmasters Club,1,U,98,NCP Club House,"Lodha New Cuff Parade,Opp. Imax Dom",Wednesday,7:30 pm to 9 pm,Mumbai,MAH,400037,India, 11/18/2015,ANNUAL,Community,Open,N,ACTIVE,+91 98214 70299,,nishant1211@gmail.com,,YES,2021-09-22,District Email
7289546,Expedition Toastmasters Mumbai,1,U,98,TIAA,"Godrej One, Lvl II, Vikhroli E",2nd  & 4th Wednesday,3:00 PM,Mumbai,MAH,400079,India, 02/04/2019,ANNUAL,Company,Group Specific,N,ACTIVE,+91 98671 47416,,amit.jbims@gmail.com,,YES,2021-09-22,District Email
7854983,VJTI Toastmasters Club,1,U,98,"VJTI, Matunga",,1st & 3rd Friday,6:00PM,Mubai,MAH,400019,India, 01/25/2021,ANNUAL,Community,Open,N,ACTIVE,919699338520,,ninadrane1001@gmail.com,,NO,2021-09-22,District Email
7886509,Apollo India,1,U,98,"Apollo India Services LLP A-Wing, Keningston Business Park, 3rd Floor","Haranandani Gardens, Powai",2nd & 4th Tuesday,6:00 PM,Mumbai,MAH,400076,India, 06/24/2021,ANNUAL,Company,Group Specific,N,ACTIVE,+91 8657961349,,apolloindiatoastmastersclub@apollo.com,,NO,2021-09-22,District Email
4764579,JPMC Powai Toastmasters,2,U,98,JPMC Office This club open to employees of JPMC only,"L and T Business Park,",Friday,11:30am - 1:00pm,Mumbai,MAH,400072,India, 06/08/2015,SEMIAN,Company,Group Specific,N,ACTIVE,+91 98701 22236,,vaibhav.jadhav1510@gmail.com,,YES,2021-09-22,District Email
5748839,Somaiya Toastmasters Club,2,U,98,"K J Somaiya Institute of Management 304, Chanakya, KJ SIMSR",Vidyavihar,Every Sunday,11 AM,Mumbai,MAH,400077,India, 09/09/2016,SEMIAN,College,Group Specific,N,ACTIVE,+91 96433 23304,,toastmasters-simsr@somaiya.edu,,YES,2021-09-22,District Email
6578723,Schindler Toastmasters Powai (STM Powai),2,U,98,Schindler India Pvt Ltd Headquarters,"Schindler House, Main Street",Thursday,2:45 - 5:00 PM,Mumbai,MAH,400076,India, 06/13/2018,ANNUAL,Company,Group Specific,N,ACTIVE,+91 98191 00754,,sureshkumar.maurya@schindler.com,,YES,2021-09-22,District Email
7854767,Eloquent Elites,2,U,98,Online Via Zoom,Online Via Zoom,2nd & 4th Tuesday,7:30 PM,Mumbai,MAH,400076,India, 02/11/2021,ANNUAL,Community,Open,N,ACTIVE,+91 98200 49069,,coolkusum@yahoo.com,,YES,2021-09-22,District Email
2017422,Thane Toastmasters Club,3,U,98,"Wavikar Eye Institute, 5th floor Amber Arcade, near Lodha  Paradise, Bhivandi Bypass road, Majiwade, Sainath Nagar, Majiwada","Thane, Maharashtra",Sunday,Sunday (10:30 am),Mumbai,MAH,400601,India, 09/08/2011,SEMIAN,Community,Open,N,ACTIVE,+91 70600 10895,,thane.toastmasters@gmail.com,http://thanetoastmasters.org/,YES,2021-09-22,District Email
2798803,NITIE Toastmasters Club,3,U,98,"NITIE, Vihar Lake Road","Room no. 405, New Academic Building","Monday, Thursday",6:30 pm,Mumbai,MAH,400087,India, 10/29/2012,SEMIAN,College,Group Specific,N,ACTIVE,,,toastmasters@nitie.ac.in,,YES,2021-09-22,District Email
7297859,CRISIL Toastmasters,3,U,98,"CRISIL House, Mumbai","Hiranandani Business Pk,Central Ave",2nd & 4th Mumbai,11:00 AM - 1:00 PM,Mumbai,MAH,400 076,India, 03/08/2019,ANNUAL,Company,Group Specific,N,ACTIVE,+1 02233423000,,hiraldaiya@gmail.com,,NO,2021-09-22,District Email
7581427,Teradata Mumbai Toastmasters Club,3,U,98,"Teradate India Pvt Ltd, Powai Office, Training Room G1 Nomura Building, Hiranandani Business Park","High Street Park, Powai",2nd & 4th Wednesday,11:00 AM - 1:00 PM,Mumbai,MAH,400076,India, 09/12/2019,ANNUAL,Company,Group Specific,N,ACTIVE,+91 99208 60155,,aashna.bhimani@teradata.com,,YES,2021-09-22,District Email
7881091,STL NIM Toastmasters Club,3,U,98, ,"Schindler House, Hiranadani",2nd & 4th Wednesday,10:00 AM - 12:00 PM,Mumbai,MAH,400076,India, 03/31/2021,ANNUAL,Company,Group Specific,N,ACTIVE,+91 7506772923,,subhash.gehlot@schindler.com,,YES,2021-09-22,District Email
616631,TCS Maitree Toastmasters Club,4,U,98,Currently Online TCS venues Powai & Thane (Yantra Park and Olympus),TCS Kensington Powai,Saturday,10:00 am,Mumbai,MAH,400076,India, 06/02/2004,SEMIAN,Company,Group Specific,N,ACTIVE,+91 98920 44232,919833640196,ihsaanm97@hotmail.com,http://tcsmaitree.easy-speak.org/,YES,2021-09-22,District Email
2017514,General Mills India Toastmasters Club,4,U,98,Ventura Building Opp Dominos Pizza,9th Floor Prudential Bldg,Thursday  2nd & 4th,3:00 pm,Mumbai,MAH,400 076,India, 09/17/2011,ANNUAL,Company,Group Specific,N,ACTIVE,+91 99699 89157,,chidanand.pradhan@genmills.com,,YES,2021-09-22,District Email
3349716,Powai Toastmasters Club,4,U,98,"Off10, Ground Floor Behind Starbucks","Prudential Building, Central Ave",2nd & 4th Saturday,10:00 am to 12:00 pm,Mumbai,MAH,400076,India, 07/01/2013,ANNUAL,Community,Open,N,ACTIVE,+91 96195 96603,,powaitoastmastersclub@gmail.com,,YES,2021-09-22,District Email
6649866,TYHO SDA Bocconi,4,U,98,"SDA Bocconi Asia Center, 9th floor Hiranandani Knowledge Park, Opposite Hanandani Hospital, Powai, Mumbai - 400076"," SDA Bocconi Asia Center, 9th Floor",Tuesday,6:30PM-8:30PM,Mumbai,MAH,400076,India, 09/01/2017,SEMIAN,College,Group Specific,N,ACTIVE,+91 97699 21898,,gdeshpande99@gmail.com,,YES,2021-09-22,District Email
7749915,"L&T Toastmasters Club, Powai Chapter",4,U,98,"L&T, Powai Campus, Auditorium North Block II, Ground Floor","Gate 1, Powai Campus",Alternate Thursdays and Saturdays,3-5 PM (IST),Mumbai,MAH,400072,India, 06/30/2020,SEMIAN,Company,Group Specific,N,ACTIVE,+91 99207 37430,,lnttoastmasters@gmail.com,,YES,2021-09-22,District Email
1214543,GOA YMCA Toastmasters Club,1,W,98,"YMCA Bldg. - Behind Parade Ground, Campal near parade ground",near parade ground,1st & 3rd Tuesday,6:30 pm - 8:30 pm.,panaji,GOA,403001,India, 06/23/2010,ANNUAL,Community,Open,N,ACTIVE,+91 88888 02583,,kamat.balkrishna@gmail.com,https://easy-speak.org/clubdata.php?c=6310,YES,2021-09-22,District Email
4361333,Mapusa Toastmasters,1,W,98,"COOJ -  H. No. 7A-738, Near St. Cajethan Church, Mano Shanti, Boa Vista,",Bastora,Tuesdays /2nd & 4th & 5h,6:30 PM,Mapusa,GOA,403507,India, 11/18/2014,ANNUAL,Community,Open,N,ACTIVE,+1 922-590-2840,,mapusatm@gmail.com,http://mapusa.toastmastersclubs.org/,YES,2021-09-22,District Email
6941455,Tangentia Toastmasters,1,W,98,Xavier Center for Historical Research Konkani Kendra Bldg,"B-401 Heritage Symphony,",1st & 3rd Monday & 5th Monday,7:30 pm,Panaji,GOA,403002,India, 04/12/2018,ANNUAL,Community,Open,N,ACTIVE,+91 80077 21089,,aniket-1993@hotmail.com,,YES,2021-09-22,District Email
7708785,Teva Goa Toastmasters Club,1,W,98,"Tevapharm India Pvt. Ltd., Plot No. A3 to A6, Phase IA, Verna Industrial Estate, Verna Goa","Plot A-1, Phase 1-A,",1st & 3rd wednesday,7:00 to 9:00,Verna,GOA,403722,India, 01/17/2020,ANNUAL,Company,Group Specific,N,ACTIVE,+91 88794 49596,,syona.fernandes@teva.co.in,,YES,2021-09-22,District Email
2575847,Toastmasters International Margao,2,W,98,"Parvatibai Chowgule College D102, D Block(Green Building)",Gogol,2nd & 4th Wednesday,6:30 pm - 8:30 pm,Margao,GOA,403602,India, 06/30/2012,ANNUAL,Community,Open,N,ACTIVE,+91 93702 08917,,margaotoastmasters30.06.12@gmail.com,http://2575847.toastmastersclubs.org/,YES,2021-09-22,District Email
3214306,International Centre GOA (ICG) Toastmasters Club,2,W,98,The International Centre GOA,Dr E Borges Road,2nd & 4th Thursday,6:30 pm,Dona Paula,GOA,403004,India, 06/26/2013,ANNUAL,Community,Open,N,ACTIVE,+91 98224 80899,,sertorio.noronha@gmail.com,http://icg.toastmastersclubs.org/,YES,2021-09-22,District Email
7783728,Ponda Toastmasters Club,2,W,98,Ponda,,2nd & 4th Monday,7:00 PM,Ponda,GOA,403401,India, 09/15/2020,ANNUAL,Community,Open,N,ACTIVE,+91 82083 65859,,pranavgaikwad36@gmail.com,,YES,2021-09-22,District Email
6656843,Ana Fonte Toastmasters Club,3,W,98,"IMTTI INSTITUTE, OPP. SHOFAZ SUPERSTORE Colva road, Margao, GOA 403601",Margao,2nd & 4th Sunday,4.30PM,Margao,GOA,403716,India, 09/11/2017,ANNUAL,Community,Open,N,ACTIVE,+91 97659 09936,,anafontetoastmasters@gmail.com,,YES,2021-09-22,District Email
7441712,Siemens Goa Toastmasters Club,3,W,98,Varca Conference Room, L6 Verna Industrial Estate,1st & 3rd Thursday,7:00 pm - 8:30pm,Verna,GOA,403722,India, 06/25/2019,ANNUAL,Company,Group Specific,N,ACTIVE,+91 70385 69835,,furquan.anwar@siemens.com,,YES,2021-09-22,District Email
7783722,Vasco Toastmasters Club,3,W,98,Vasco Church Hall,Swatantra Path,1st & 3rd Friday,7:00 PM,Vasco-da-Gama,GOA,403802,India, 08/07/2020,ANNUAL,Community,Open,N,ACTIVE,+91 96370 88639,,gomesanto0128@gmail.com,,YES,2021-09-22,District Email
1114159,Eaton Toastmasters Club,4,W,98,"Eaton Technologies Pvt Ltd, 6th floor",Eon Free Zone MIDC Kharadi,Wednesday,12:30 pm - 2.00 pm,Pune,MAH,411014,India, 11/26/2007,SEMIAN,Company,Group Specific,N,ACTIVE,+91 96040 03279,912066338264,SantoshRGiranje@eaton.com,,YES,2021-09-22,District Email
6746425,NT India Pune Toastmasters Club,4,W,98,Northern Operating Services Pvt Limited Office,Northern Operating Services Pvt Ltd,Friday,5:30 PM IST,Pune,MAH,411014,India, 11/01/2017,SEMIAN,Company,Group Specific,N,ACTIVE,+91 98864 26722,,pb108@ntrs.com,,YES,2021-09-22,District Email
7166870,PTC Marisoft Toastmasters Club,4,W,98,PTC Software Training Room,Marisoft II,Friday,11:45 - 13:00,Pune,MAH,411014,India, 03/11/2019,SEMIAN,Company,Group Specific,N,ACTIVE,+91 97663 14195,,amitmehtaa@gmail.com,,YES,2021-09-22,District Email
7616576,Majesco Pune Toastmasters Club,4,W,98,Conference Room Majesco,"Nyati Tech Park Fl 5,Digambar Nagar",Tuesday,3:00 PM,Pune,Mah,411014,India, 11/30/2019,SEMIAN,Company,Group Specific,N,INEL,7498101581,,suhas.chavan@majesco.com,,NO,2021-09-22,District Email
7856700,EHI Toastmasters Club,4,W,98,"Online, Pune"," Online, Pune",Wednesday,4PM,Pune,MAH,411014,India, 01/29/2021,SEMIAN,Company,Group Specific,N,ACTIVE,+965 7990246,,pradnyakosare@gmail.com,,NO,2021-09-22,District Email
5094604,Citi eXpressions Toastmasters Club,5,W,98,Citicorp,Eon IT Park,Thursday,12:00 a.m. - 01:00 p.m.,Pune,MAH,411014,India, 11/08/2015,SEMIAN,Company,Group Specific,N,ACTIVE,+91 81263 61777,,citiexpressions@gmail.com,,NO,2021-09-22,District Email
6090346,Toastmasters Club of Allscripts Pune,5,W,98,"Allscripts Pune Office  2nd Fl, Cluster D, EON free Zone",MIDC Kharardi Knowledge IT park,Friday,4:00 PM - 5:00 PM,Pune,MAH,411014,India, 04/18/2017,SEMIAN,Company,Group Specific,N,ACTIVE,+91 20 7107 8005,,ToastmastersPuneExComm@allscripts.com,,YES,2021-09-22,District Email
7084394,Impressions Toastmasters,5,W,98,Zoom Meetings,Zoom Meetings,Sunday,11:00 AM,Pune,MAH,411014,India, 08/11/2018,SEMIAN,Company,Group Specific,N,ACTIVE,+91 88407 27270,,shivasri1988@gmail.com,,YES,2021-09-22,District Email
7300474,Kharadi Toastmasters Club,5,W,98,Kharadi Online- https://us02web.zoom.us/j/5864851749  Meeting ID: 586 485 1749 Password- KTC,"Gurukul, Gera Emerald City - South",Saturdays,3:00 - 5:00 PM,Pune,MAH,411014,India, 05/01/2019,SEMIAN,Community,Open,N,ACTIVE,+91 90519 98039,,kharaditoastmasters@gmail.com,https://kharadi.toastmastersclubs.org/?fbclid=IwAR1b2JOg-y1mhTdbmGrtyJ_wZwj8LIeJrg7FXWrHUoXzBb9LB8Ex,YES,2021-09-22,District Email
