District,Division,Area,Club Number,Club Name,Club Status,Mem. Base,Active Members,Goals Met,Level 1s,Level 2s,Add. Level 2s,Level 3s,"Level 4s, Level 5s, or DTM award","Add. Level 4s, Level 5s, or DTM award",New Members,Add. New Members,Off. Trained Round 1,Off. Trained Round 2,Mem. dues on time Oct,Mem. dues on time Apr,Off. List On Time,Club Distinguished Status,date,link
98,A,01,06062133,Diamond City Toastmasters Club,Active,26,27,3,3,0,0,0,1,0,4,2,7,0,1,0,1,,2021-10-21,http://dashboards.toastmasters.org/District.aspx?id=98
98,A,01,07164888,Mount Carmel Toastmasters Club,Active,20,23,6,2,2,2,2,0,0,4,4,7,0,1,0,1,,2021-10-21,http://dashboards.toastmasters.org/District.aspx?id=98
98,A,01,07782447,Dahej Orators Toastmasters Club,Active,8,9,2,0,0,0,0,0,0,4,0,7,0,1,0,1,,2021-10-21,http://dashboards.toastmasters.org/District.aspx?id=98
98,A,02,05306488,Vadodara Toastmasters Club,Active,41,34,4,4,1,0,1,0,0,4,6,7,0,1,0,1,,2021-10-21,http://dashboards.toastmasters.org/District.aspx?id=98
98,A,02,06090393,Toastmasters Club of Allscripts Vadodara,Active,20,8,3,0,0,0,2,1,3,0,0,6,0,0,0,1,,2021-10-21,http://dashboards.toastmasters.org/District.aspx?id=98
98,A,02,06886272,Toastmasters Club of Baroda (TCB),Active,32,21,3,1,0,0,1,1,2,2,0,7,0,1,0,1,,2021-10-21,http://dashboards.toastmasters.org/District.aspx?id=98
98,A,02,07842705,Vatt Thi Gujarati Toastmasters Club,Active,22,11,1,0,0,0,0,0,0,1,0,4,0,1,0,1,,2021-10-21,http://dashboards.toastmasters.org/District.aspx?id=98
98,A,02,07854559,Investis Digital India,Active,20,11,1,0,0,0,0,0,0,0,0,6,0,1,0,1,,2021-10-21,http://dashboards.toastmasters.org/District.aspx?id=98
98,A,03,02180628,Swami Vivekanand Toastmasters Club,Active,19,12,7,4,2,0,2,1,1,4,2,7,0,1,0,1,,2021-10-21,http://dashboards.toastmasters.org/District.aspx?id=98
98,A,03,02621397,ISC Bhopal Toastmasters International Club,Ineligible,8,0,0,0,0,0,0,0,0,0,0,0,0,0,0,1,,2021-10-21,http://dashboards.toastmasters.org/District.aspx?id=98
98,A,03,07240051,Bhopal Toastmasters Club,Active,23,16,6,3,2,0,1,1,3,4,5,7,0,1,0,1,,2021-10-21,http://dashboards.toastmasters.org/District.aspx?id=98
98,A,03,07525513,Samvaad Toastmasters Club,Ineligible,10,0,1,4,0,0,0,0,0,2,0,7,0,0,0,1,,2021-10-21,http://dashboards.toastmasters.org/District.aspx?id=98
98,A,03,07730165,Gwalior Toastmasters Club,Suspended,0,0,0,0,0,0,0,0,0,0,0,0,0,0,0,0,,2021-10-21,http://dashboards.toastmasters.org/District.aspx?id=98
98,A,04,02587096,Transcendence,Active,34,19,6,5,2,2,2,1,0,1,0,7,0,1,0,1,,2021-10-21,http://dashboards.toastmasters.org/District.aspx?id=98
98,A,04,06692382,Impact Toastmasters Club,Active,18,16,3,0,0,0,0,0,0,4,5,6,0,1,0,1,,2021-10-21,http://dashboards.toastmasters.org/District.aspx?id=98
98,A,04,06977979,TCS Maitree Toastmasters Club Indore,Active,20,21,3,2,1,0,2,0,0,4,3,7,0,1,0,1,,2021-10-21,http://dashboards.toastmasters.org/District.aspx?id=98
98,A,04,07235362,Avantika Toastmasters Club,Active,11,13,6,2,2,3,2,0,0,4,5,7,0,1,0,1,,2021-10-21,http://dashboards.toastmasters.org/District.aspx?id=98
98,A,04,07806306,InfoBeans Toastmasters Club,Active,16,19,3,0,0,0,0,0,0,4,6,5,0,1,0,1,,2021-10-21,http://dashboards.toastmasters.org/District.aspx?id=98
98,B,01,01135184,Bombay Toastmasters,Active,42,33,6,2,2,1,0,1,1,4,5,7,0,1,0,1,,2021-10-21,http://dashboards.toastmasters.org/District.aspx?id=98
98,B,01,04297290,NMIMS Mumbai Toastmasters Club (NMTC),Active,14,33,4,2,2,0,1,0,0,4,42,7,0,1,0,1,,2021-10-21,http://dashboards.toastmasters.org/District.aspx?id=98
98,B,01,07770358,Leaders Connect Toastmasters Club,Active,26,40,4,2,1,0,0,1,0,4,24,7,0,1,0,1,,2021-10-21,http://dashboards.toastmasters.org/District.aspx?id=98
98,B,01,07851177,Maven,Active,25,17,2,1,0,0,1,0,0,4,1,7,0,1,0,1,,2021-10-21,http://dashboards.toastmasters.org/District.aspx?id=98
98,B,01,07877720,Mumbai Orators Toastmasters Club,Active,16,20,5,4,1,0,0,1,0,4,4,7,0,1,0,1,,2021-10-21,http://dashboards.toastmasters.org/District.aspx?id=98
98,B,02,02854357,Eminent Toastmasters Club,Active,37,36,5,3,0,0,1,1,5,4,14,7,0,1,0,1,,2021-10-21,http://dashboards.toastmasters.org/District.aspx?id=98
98,B,02,05235362,DB Mumbai Toastmasters Club,Active,10,9,1,0,0,0,0,0,0,3,0,2,0,1,0,1,,2021-10-21,http://dashboards.toastmasters.org/District.aspx?id=98
98,B,02,07770363,Articulators,Active,36,39,4,3,2,0,0,0,0,4,17,7,0,1,0,1,,2021-10-21,http://dashboards.toastmasters.org/District.aspx?id=98
98,B,02,07828863,Toastmasters United,Active,20,14,2,1,1,0,1,1,0,3,0,5,0,1,0,1,,2021-10-21,http://dashboards.toastmasters.org/District.aspx?id=98
98,B,03,01447379,Mahindra Toastmasters Club,Low,20,4,0,0,0,0,0,0,0,2,0,6,0,0,0,1,,2021-10-21,http://dashboards.toastmasters.org/District.aspx?id=98
98,B,03,02543055,Tech Talkers,Active,38,44,9,7,2,3,5,1,5,4,27,7,0,1,0,1,,2021-10-21,http://dashboards.toastmasters.org/District.aspx?id=98
98,B,03,04002291,Oracle Mumbai,Ineligible,8,0,0,0,1,0,0,0,0,0,0,4,0,0,0,1,,2021-10-21,http://dashboards.toastmasters.org/District.aspx?id=98
98,B,03,06786470,Chatterati Toastmasters Club,Active,29,18,3,2,0,0,0,1,1,2,0,7,0,1,0,1,,2021-10-21,http://dashboards.toastmasters.org/District.aspx?id=98
98,B,03,07906218,Toastmasters For Entrepreneurs,Active,21,23,1,3,1,0,1,0,0,3,0,7,0,1,0,1,,2021-10-21,http://dashboards.toastmasters.org/District.aspx?id=98
98,B,04,04764536,JPMC Malad Toastmasters,Active,20,13,1,0,1,0,0,0,0,3,0,7,0,1,0,1,,2021-10-21,http://dashboards.toastmasters.org/District.aspx?id=98
98,B,04,07726190,Goregaon Speakers Community Toastmasters-(GSC Toastmasters),Active,26,28,6,7,1,0,1,1,3,4,5,7,0,1,0,1,,2021-10-21,http://dashboards.toastmasters.org/District.aspx?id=98
98,B,04,07840662,Mumbai Speakers Toastmasters Club,Active,25,25,3,3,0,0,0,0,0,4,11,7,0,1,0,1,,2021-10-21,http://dashboards.toastmasters.org/District.aspx?id=98
98,B,04,07873524,Fractal Toastmasters Club,Ineligible,27,0,0,0,0,0,0,0,0,0,0,7,0,0,0,1,,2021-10-21,http://dashboards.toastmasters.org/District.aspx?id=98
98,C,01,02645684,Emerson Innovation Center-Pune Toastmasters Club,Active,10,8,1,0,0,0,0,0,0,1,0,7,0,1,0,1,,2021-10-21,http://dashboards.toastmasters.org/District.aspx?id=98
98,C,01,04167410,TCS Maitree Toastmasters Club Pune,Active,47,38,7,5,2,0,1,1,3,4,12,7,0,1,0,1,,2021-10-21,http://dashboards.toastmasters.org/District.aspx?id=98
98,C,01,06097544,Toastmasters for Pune Entrepreneurs,Active,25,26,9,9,2,7,9,1,9,4,5,7,0,1,0,1,,2021-10-21,http://dashboards.toastmasters.org/District.aspx?id=98
98,C,01,07764009,Capgemini  Ikigai Toastmasters Club,Active,17,17,6,3,2,1,2,1,0,4,5,7,0,1,0,1,,2021-10-21,http://dashboards.toastmasters.org/District.aspx?id=98
98,C,02,00776544,Genesis Toastmasters Club,Active,8,13,2,3,0,0,0,0,0,4,3,7,0,1,0,1,,2021-10-21,http://dashboards.toastmasters.org/District.aspx?id=98
98,C,02,04421153,Toastmasters Club of Pune North West,Active,43,29,8,10,2,3,4,1,3,4,0,7,0,1,0,1,,2021-10-21,http://dashboards.toastmasters.org/District.aspx?id=98
98,C,02,05297378,Barclays Pune 2 Toastmasters,Active,20,17,2,0,2,0,1,0,0,2,0,7,0,1,0,1,,2021-10-21,http://dashboards.toastmasters.org/District.aspx?id=98
98,C,02,06786792,WIPRO Rendezvous Toastmasters Club of Pune,Active,8,8,3,4,1,0,1,0,0,4,2,7,0,1,0,1,,2021-10-21,http://dashboards.toastmasters.org/District.aspx?id=98
98,C,03,06933610,Birlasoft Toastmasters Club Pune,Ineligible,9,0,0,0,0,0,0,0,0,0,0,1,0,0,0,1,,2021-10-21,http://dashboards.toastmasters.org/District.aspx?id=98
98,C,03,07030730,Wakad Toastmasters Club,Active,26,27,9,4,2,2,3,1,2,4,5,7,0,1,0,1,,2021-10-21,http://dashboards.toastmasters.org/District.aspx?id=98
98,C,03,07239392,Aundh Toastmasters Club,Active,22,19,3,2,0,0,1,1,0,4,1,7,0,1,0,1,,2021-10-21,http://dashboards.toastmasters.org/District.aspx?id=98
98,C,03,07431038,STS Pune Toastmasters Club,Active,12,11,1,1,1,0,0,0,0,3,0,7,0,1,0,1,,2021-10-21,http://dashboards.toastmasters.org/District.aspx?id=98
98,C,04,00916446,Infosys Pune Toastmasters Club,Active,28,27,4,1,0,0,1,1,0,4,4,7,0,1,0,1,,2021-10-21,http://dashboards.toastmasters.org/District.aspx?id=98
98,C,04,05965350,Pimpri Toastmasters Club,Active,32,27,3,3,1,0,0,0,0,4,4,7,0,1,0,1,,2021-10-21,http://dashboards.toastmasters.org/District.aspx?id=98
98,C,04,07632324,Eaton Toastmasters Collaboration Club,Ineligible,13,0,0,0,0,0,0,0,0,0,0,6,0,0,0,1,,2021-10-21,http://dashboards.toastmasters.org/District.aspx?id=98
98,C,04,07926456,ASM Toastmasters Club,Active,20,20,1,0,0,0,0,0,0,0,0,7,0,1,0,1,,2021-10-21,http://dashboards.toastmasters.org/District.aspx?id=98
98,C,05,05506714,Baner Toastmasters Club,Active,33,30,8,6,2,1,3,1,1,4,5,7,0,1,0,1,,2021-10-21,http://dashboards.toastmasters.org/District.aspx?id=98
98,C,05,06601517,ATLAS COPCO PUNE TOASTMASTERS CLUB,Ineligible,14,0,0,0,0,0,0,0,0,0,0,7,0,0,0,1,,2021-10-21,http://dashboards.toastmasters.org/District.aspx?id=98
98,C,05,07683449,Toastmasters of Mediaocean,Active,22,12,1,0,0,0,0,0,0,1,0,7,0,1,0,1,,2021-10-21,http://dashboards.toastmasters.org/District.aspx?id=98
98,C,05,07860939,Emerson ISV Toastmasters Club,Active,30,11,1,0,0,0,0,0,0,2,0,7,0,1,0,1,,2021-10-21,http://dashboards.toastmasters.org/District.aspx?id=98
98,D,01,02187981,John Deere Pune Toastmasters Club,Active,33,29,6,5,2,3,3,0,0,4,3,7,0,1,0,1,,2021-10-21,http://dashboards.toastmasters.org/District.aspx?id=98
98,D,01,02383421,ZS Toastmasters Club,Suspended,0,0,0,0,0,0,0,0,0,0,0,0,0,0,0,0,,2021-10-21,http://dashboards.toastmasters.org/District.aspx?id=98
98,D,01,05144305,Barclays Pune Toastmasters Club,Active,20,19,2,0,0,0,1,0,0,4,1,7,0,1,0,1,,2021-10-21,http://dashboards.toastmasters.org/District.aspx?id=98
98,D,01,06604804,Bibvewadi Toastmasters Club,Active,21,26,9,6,2,3,3,1,3,4,16,7,0,1,0,1,,2021-10-21,http://dashboards.toastmasters.org/District.aspx?id=98
98,D,01,07752570,Clarion Toastmasters Club,Active,20,11,1,0,0,0,1,0,0,1,0,7,0,1,0,1,,2021-10-21,http://dashboards.toastmasters.org/District.aspx?id=98
98,D,01,07913217,Japfa Toastmasters Club,Active,20,20,0,0,0,0,0,0,0,0,0,7,0,1,0,0,,2021-10-21,http://dashboards.toastmasters.org/District.aspx?id=98
98,D,02,05742252,"Toastmasters Club of Zensar, Pune",Suspended,0,0,0,0,0,0,0,0,0,0,0,0,0,0,0,0,,2021-10-21,http://dashboards.toastmasters.org/District.aspx?id=98
98,D,02,05749190,BNY Mellon Technology Pune Toastmasters Club,Ineligible,10,1,0,0,1,0,0,0,0,1,0,4,0,0,0,1,,2021-10-21,http://dashboards.toastmasters.org/District.aspx?id=98
98,D,02,06691907,"RISE Toastmasters Club, Magarpatta",Active,30,25,5,1,2,0,2,1,0,4,2,7,0,1,0,1,,2021-10-21,http://dashboards.toastmasters.org/District.aspx?id=98
98,D,02,07289566,Expedition Toastmasters Pune,Active,22,45,3,2,1,0,0,0,0,4,24,7,0,1,0,1,,2021-10-21,http://dashboards.toastmasters.org/District.aspx?id=98
98,D,02,07850267,Backpackers Toastmasters Club,Active,36,34,7,8,2,0,0,1,2,4,14,7,0,1,0,1,,2021-10-21,http://dashboards.toastmasters.org/District.aspx?id=98
98,D,02,07908895,Speak-a-Holic Toastmasters Club,Active,19,26,2,1,0,0,0,0,0,4,2,7,0,1,0,1,,2021-10-21,http://dashboards.toastmasters.org/District.aspx?id=98
98,D,03,01813871,ADP Pune Toastmasters,Active,21,21,3,2,1,0,0,0,0,4,5,7,0,1,0,1,,2021-10-21,http://dashboards.toastmasters.org/District.aspx?id=98
98,D,03,06006628,Allstate Toastmasters Club Pune,Active,12,8,0,1,1,0,1,0,0,3,0,7,0,0,0,1,,2021-10-21,http://dashboards.toastmasters.org/District.aspx?id=98
98,D,03,06958921,"Srujan Hindi Toastmasters Club, Pune",Ineligible,8,0,2,0,0,0,0,1,1,0,0,4,0,0,0,1,,2021-10-21,http://dashboards.toastmasters.org/District.aspx?id=98
98,D,03,07327561,Teradata Pune Toastmasters Club,Active,27,19,5,0,1,0,3,1,5,4,3,7,0,1,0,1,,2021-10-21,http://dashboards.toastmasters.org/District.aspx?id=98
98,D,03,07780150,Wonders of Women Toastmasters Club,Active,20,8,2,1,1,0,1,0,0,4,0,7,0,1,0,1,,2021-10-21,http://dashboards.toastmasters.org/District.aspx?id=98
98,D,04,01543586,Toastmasters Club of Pune South East,Active,46,41,5,3,0,0,2,1,0,4,11,7,0,1,0,1,,2021-10-21,http://dashboards.toastmasters.org/District.aspx?id=98
98,D,04,06783469,BNYMellon - Magarpatta,Active,20,14,2,0,0,0,0,0,0,4,2,7,0,1,0,1,,2021-10-21,http://dashboards.toastmasters.org/District.aspx?id=98
98,D,04,06894572,Accenture Pune Toastmasters Club - Magarpatta,Suspended,0,0,0,0,0,0,0,0,0,0,0,0,0,0,0,0,,2021-10-21,http://dashboards.toastmasters.org/District.aspx?id=98
98,D,04,07709645,E3 Ecolab Toastmasters Club,Active,20,10,0,0,0,0,0,0,0,1,0,7,0,0,0,1,,2021-10-21,http://dashboards.toastmasters.org/District.aspx?id=98
98,D,04,07709657,Food Lovers Toastmasters Club,Ineligible,9,1,0,0,0,0,0,0,0,0,0,7,0,0,0,1,,2021-10-21,http://dashboards.toastmasters.org/District.aspx?id=98
98,D,04,07850568,John Deere Pune Toastmasters 2.0,Active,37,17,3,0,0,0,1,0,0,4,4,7,0,1,0,1,,2021-10-21,http://dashboards.toastmasters.org/District.aspx?id=98
98,E,01,01272701,Elan Toastmasters Hyderabad,Active,20,23,3,2,0,0,0,0,0,4,7,6,0,1,0,1,,2021-10-21,http://dashboards.toastmasters.org/District.aspx?id=98
98,E,01,01390103,Microsoft Hyderabad Toastmasters ,Active,15,8,1,1,1,0,0,0,0,2,0,4,0,1,0,1,,2021-10-21,http://dashboards.toastmasters.org/District.aspx?id=98
98,E,01,02694327,Toastmasters CBIT,Active,14,11,4,2,0,0,1,1,1,4,1,7,0,1,0,1,,2021-10-21,http://dashboards.toastmasters.org/District.aspx?id=98
98,E,01,03743725,Ben's Toastmasters,Suspended,0,0,0,0,0,0,0,0,0,0,0,0,0,0,0,0,,2021-10-21,http://dashboards.toastmasters.org/District.aspx?id=98
98,E,01,07799944,SLIC Toastmasters,Ineligible,29,0,0,0,0,0,0,0,0,0,0,6,0,0,0,1,,2021-10-21,http://dashboards.toastmasters.org/District.aspx?id=98
98,E,01,07847230,Spoorthy Telugu Toastmasters,Active,31,17,2,1,2,0,0,0,0,2,0,7,0,1,0,1,,2021-10-21,http://dashboards.toastmasters.org/District.aspx?id=98
98,E,02,00946002,Hyderabad Toastmasters,Active,49,41,3,2,1,0,0,1,0,4,0,7,0,1,0,1,,2021-10-21,http://dashboards.toastmasters.org/District.aspx?id=98
98,E,02,01041988,Synopsys Hyderabad Toastmasters,Active,15,8,1,0,0,0,0,0,0,0,0,4,0,1,0,1,,2021-10-21,http://dashboards.toastmasters.org/District.aspx?id=98
98,E,02,04504233,Techmahindra Toastmasters Club (Infocity),Low,11,5,0,0,0,0,0,0,0,1,0,6,0,0,0,1,,2021-10-21,http://dashboards.toastmasters.org/District.aspx?id=98
98,E,02,06623002,TCS HYD Maitree Kohinoor Park Toastmasters Club,Suspended,4,0,0,0,0,0,0,0,0,0,0,0,0,0,0,1,,2021-10-21,http://dashboards.toastmasters.org/District.aspx?id=98
98,E,02,07877640,TA Digital Toastmasters Club,Active,22,30,3,0,0,0,0,0,0,4,19,7,0,1,0,1,,2021-10-21,http://dashboards.toastmasters.org/District.aspx?id=98
98,E,03,02669965,"Infosys Toastmasters, Hyderabad Prakriti",Active,14,11,2,0,0,0,0,0,0,4,0,7,0,1,0,1,,2021-10-21,http://dashboards.toastmasters.org/District.aspx?id=98
98,E,03,06662202,TCS Maitree Adibatla Toastmasters Club,Active,24,13,4,1,1,0,2,1,1,0,0,6,0,1,0,1,,2021-10-21,http://dashboards.toastmasters.org/District.aspx?id=98
98,E,03,07308980,ANURAG Toastmasters,Active,24,13,0,2,0,0,0,0,0,0,0,7,0,1,0,0,,2021-10-21,http://dashboards.toastmasters.org/District.aspx?id=98
98,E,03,07533654,StoryDellers,Active,10,8,1,0,0,0,0,0,0,0,0,4,0,1,0,1,,2021-10-21,http://dashboards.toastmasters.org/District.aspx?id=98
98,E,03,07681349,GH ReveRB,Suspended,0,0,0,0,0,0,0,0,0,0,0,0,0,0,0,0,,2021-10-21,http://dashboards.toastmasters.org/District.aspx?id=98
98,E,04,02221384,Invesco India Toastmasters Club,Active,20,20,2,1,0,0,0,0,0,4,2,6,0,1,0,1,,2021-10-21,http://dashboards.toastmasters.org/District.aspx?id=98
98,E,04,04800980,Stagecoach Hyderabad Toastmasters,Active,23,17,1,0,0,0,0,0,0,2,0,6,0,1,0,1,,2021-10-21,http://dashboards.toastmasters.org/District.aspx?id=98
98,E,04,07709596,RG Titans,Suspended,0,0,0,0,0,0,0,0,0,0,0,0,0,0,0,0,,2021-10-21,http://dashboards.toastmasters.org/District.aspx?id=98
98,E,04,07833894,Toastmasters For Hyderabad Entrepreneurs,Active,30,19,9,4,2,2,2,1,1,4,6,7,0,1,0,1,,2021-10-21,http://dashboards.toastmasters.org/District.aspx?id=98
98,E,04,07893922,SRIT - Eloquent Speakers,Active,28,33,2,1,0,0,0,0,0,4,1,7,0,1,0,1,,2021-10-21,http://dashboards.toastmasters.org/District.aspx?id=98
98,F,01,01431155,Broadridge Toastmasters Club,Active,21,18,1,0,0,0,0,0,0,2,0,7,0,1,0,1,,2021-10-21,http://dashboards.toastmasters.org/District.aspx?id=98
98,F,01,01530783,Madhapur Toastmasters,Active,20,19,6,2,2,3,2,1,1,2,0,7,0,1,0,1,,2021-10-21,http://dashboards.toastmasters.org/District.aspx?id=98
98,F,01,04731654,JPMC Hyderabad Toastmasters,Ineligible,10,0,0,0,0,0,0,0,0,0,0,0,0,0,0,1,,2021-10-21,http://dashboards.toastmasters.org/District.aspx?id=98
98,F,01,06779917,Pega Toastmasters Club,Suspended,0,0,0,0,0,0,0,0,0,0,0,0,0,0,0,0,,2021-10-21,http://dashboards.toastmasters.org/District.aspx?id=98
98,F,01,07318924,Statestreet Hyd Toastmasters Club,Active,21,16,1,0,0,0,0,0,0,1,0,7,0,1,0,1,,2021-10-21,http://dashboards.toastmasters.org/District.aspx?id=98
98,F,01,07902837,Parker Hyderabad Speaks To Lead Toastmasters Club,Active,26,26,1,0,0,0,0,0,0,0,0,7,0,1,0,1,,2021-10-21,http://dashboards.toastmasters.org/District.aspx?id=98
98,F,02,01340464,TCS Maitree Hyderabad Toastmasters Club,Active,10,8,1,0,0,0,0,0,0,0,0,7,0,1,0,1,,2021-10-21,http://dashboards.toastmasters.org/District.aspx?id=98
98,F,02,01466666,ADP Hyderabad Toastmasters,Active,28,25,4,1,1,0,1,1,1,4,1,7,0,1,0,1,,2021-10-21,http://dashboards.toastmasters.org/District.aspx?id=98
98,F,02,04040445,CMC Hyderabad,Suspended,0,0,0,0,0,0,0,0,0,0,0,0,0,0,0,0,,2021-10-21,http://dashboards.toastmasters.org/District.aspx?id=98
98,F,02,05030861,Roots Toastmasters,Active,22,9,4,3,1,0,2,1,1,1,0,7,0,1,0,1,,2021-10-21,http://dashboards.toastmasters.org/District.aspx?id=98
98,F,02,07913167,ZF Toastmasters,Active,27,36,3,0,0,0,0,0,0,4,5,7,0,1,0,1,,2021-10-21,http://dashboards.toastmasters.org/District.aspx?id=98
98,F,03,02254770,Toastmasters at Novartis Hyderabad,Active,28,15,1,0,0,0,0,0,0,2,0,7,0,1,0,1,,2021-10-21,http://dashboards.toastmasters.org/District.aspx?id=98
98,F,03,07432531,RMSI Hyderabad Toastmasters Club,Ineligible,8,0,0,0,0,0,0,0,0,0,0,4,0,0,0,0,,2021-10-21,http://dashboards.toastmasters.org/District.aspx?id=98
98,F,03,07657911,Kiet Toastmasters Club,Active,24,22,2,0,0,0,0,0,0,4,0,7,0,1,0,1,,2021-10-21,http://dashboards.toastmasters.org/District.aspx?id=98
98,F,03,07780796,KW's Silver Tongue Toastmasters Club,Active,26,21,2,2,0,0,0,1,0,1,0,7,0,1,0,1,,2021-10-21,http://dashboards.toastmasters.org/District.aspx?id=98
98,F,03,07912189,MANAGE Toastmasters,Active,20,28,3,0,0,0,0,0,0,4,4,7,0,1,0,1,,2021-10-21,http://dashboards.toastmasters.org/District.aspx?id=98
98,F,04,03492833,Waltair Toastmasters Club,Active,20,12,1,0,0,0,0,0,0,1,0,7,0,1,0,1,,2021-10-21,http://dashboards.toastmasters.org/District.aspx?id=98
98,F,04,06943597,L&T Vizag Toastmasters Club,Active,17,15,2,0,0,0,0,0,0,4,0,7,0,1,0,1,,2021-10-21,http://dashboards.toastmasters.org/District.aspx?id=98
98,F,04,07402154,Pragati Toastmasters Club,Active,42,22,3,4,0,0,0,0,0,4,1,7,0,1,0,1,,2021-10-21,http://dashboards.toastmasters.org/District.aspx?id=98
98,F,04,07825838,GITAM Toastmasters Club,Active,25,10,2,3,0,0,0,0,0,4,0,7,0,1,0,1,,2021-10-21,http://dashboards.toastmasters.org/District.aspx?id=98
98,F,04,07912450,Coastline Toastmasters Club,Active,23,24,1,1,1,0,0,0,0,1,0,7,0,1,0,1,,2021-10-21,http://dashboards.toastmasters.org/District.aspx?id=98
98,G,01,00991226,Vision Toastmasters (community Club),Active,28,27,7,5,2,0,1,1,1,4,4,7,0,1,0,1,,2021-10-21,http://dashboards.toastmasters.org/District.aspx?id=98
98,G,01,02097754,Oracle Hyderabad Toastmasters,Active,14,19,3,3,1,0,0,0,0,4,8,7,0,1,0,1,,2021-10-21,http://dashboards.toastmasters.org/District.aspx?id=98
98,G,01,07171974,HRDC Toastmasters,Ineligible,10,0,0,0,0,0,0,0,0,0,0,0,0,0,0,1,,2021-10-21,http://dashboards.toastmasters.org/District.aspx?id=98
98,G,01,07722776,CKM Toastmasters,Active,10,8,1,0,0,0,0,0,0,3,0,5,0,1,0,1,,2021-10-21,http://dashboards.toastmasters.org/District.aspx?id=98
98,G,01,07865258,Modak Toastmasters Club,Active,21,10,1,0,0,0,0,0,0,3,0,4,0,1,0,1,,2021-10-21,http://dashboards.toastmasters.org/District.aspx?id=98
98,G,02,01095031,Indian School of Business Toastmasters ,Active,13,48,2,0,0,0,0,0,0,4,44,7,0,1,0,0,,2021-10-21,http://dashboards.toastmasters.org/District.aspx?id=98
98,G,02,03216981,Toastmasters of Capgemini Hyderabad,Suspended,0,0,0,0,0,0,0,0,0,0,0,0,0,0,0,0,,2021-10-21,http://dashboards.toastmasters.org/District.aspx?id=98
98,G,02,04486936,"Hitachi Vantara Toastmasters Club, Hyderabad",Ineligible,9,2,0,0,0,0,1,0,0,0,0,5,0,0,0,1,,2021-10-21,http://dashboards.toastmasters.org/District.aspx?id=98
98,G,02,06557404,BVRIT Hyderabad TM Club,Active,24,17,1,0,0,0,0,0,0,2,0,7,0,1,0,1,,2021-10-21,http://dashboards.toastmasters.org/District.aspx?id=98
98,G,02,07074267,AVEVA Toastmasters Club,Ineligible,16,0,0,0,0,0,0,0,0,0,0,3,0,0,0,1,,2021-10-21,http://dashboards.toastmasters.org/District.aspx?id=98
98,G,02,07860741,Legato Influencers,Active,22,22,1,0,0,0,0,0,0,0,0,4,0,1,0,1,,2021-10-21,http://dashboards.toastmasters.org/District.aspx?id=98
98,G,03,05906439,Nizampet Toastmasters,Active,20,14,4,1,0,0,1,1,2,4,2,7,0,1,0,1,,2021-10-21,http://dashboards.toastmasters.org/District.aspx?id=98
98,G,03,06563084,USP Orators,Active,21,21,2,0,0,0,0,0,0,4,0,6,0,1,0,1,,2021-10-21,http://dashboards.toastmasters.org/District.aspx?id=98
98,G,03,06945484,VJIM Toastmasters,Active,20,39,3,0,1,0,0,0,0,4,26,7,0,1,0,1,,2021-10-21,http://dashboards.toastmasters.org/District.aspx?id=98
98,G,03,07542047,BITS-H Toastmasters Club,Active,27,21,2,3,0,0,0,0,0,4,3,6,0,1,0,1,,2021-10-21,http://dashboards.toastmasters.org/District.aspx?id=98
98,G,03,07913008,UBS Hyderabad Toastmasters Club,Active,20,20,1,0,0,0,0,0,0,0,0,2,0,1,0,1,,2021-10-21,http://dashboards.toastmasters.org/District.aspx?id=98
98,G,04,00702390,Infosys Hyderabad Toastmasters Club (IHTMC),Active,4,8,2,1,0,0,0,0,0,4,0,5,0,1,0,1,,2021-10-21,http://dashboards.toastmasters.org/District.aspx?id=98
98,G,04,02247357,Virtusa Hyderabad Toastmasters Club,Low,10,4,0,1,0,0,0,0,0,0,0,7,0,0,0,1,,2021-10-21,http://dashboards.toastmasters.org/District.aspx?id=98
98,G,04,04637951,Xlrators-Miyapur,Active,25,21,1,3,0,0,0,0,0,3,0,7,0,1,0,1,,2021-10-21,http://dashboards.toastmasters.org/District.aspx?id=98
98,G,04,07160333,HITAM Toastmasters Club,Active,22,17,1,1,1,0,0,0,0,0,0,7,0,1,0,1,,2021-10-21,http://dashboards.toastmasters.org/District.aspx?id=98
98,G,04,07908104,Toastmasters For Cashflow Entrepreneurs,Active,14,29,8,4,2,2,2,1,1,4,2,7,0,1,0,1,,2021-10-21,http://dashboards.toastmasters.org/District.aspx?id=98
98,H,01,03123809,Secunderabad Toastmasters,Active,30,31,6,0,0,0,2,1,3,4,6,7,0,1,0,1,,2021-10-21,http://dashboards.toastmasters.org/District.aspx?id=98
98,H,01,07440234,Cyient Toastmasters Club,Active,23,9,1,0,0,0,0,0,0,1,0,5,0,1,0,1,,2021-10-21,http://dashboards.toastmasters.org/District.aspx?id=98
98,H,01,07454302,Dilsukhnagar Toastmasters,Active,28,21,3,3,0,0,0,0,0,4,9,7,0,1,0,1,,2021-10-21,http://dashboards.toastmasters.org/District.aspx?id=98
98,H,01,07701907,TechnipFMC Toastmasters,Active,23,14,0,1,1,0,0,0,0,0,0,7,0,0,0,1,,2021-10-21,http://dashboards.toastmasters.org/District.aspx?id=98
98,H,02,01534632,TCS Maitree Synergy Park Toastmasters Club,Active,21,11,3,0,1,0,1,1,2,3,0,7,0,1,0,1,,2021-10-21,http://dashboards.toastmasters.org/District.aspx?id=98
98,H,02,06768787,Toastmasters@HighRadius,Active,13,10,1,0,0,0,0,0,0,4,0,6,0,0,0,1,,2021-10-21,http://dashboards.toastmasters.org/District.aspx?id=98
98,H,02,06886129,Alight Hyderabad Toastmasters Club,Active,18,21,2,0,0,0,0,0,0,4,8,6,0,0,0,1,,2021-10-21,http://dashboards.toastmasters.org/District.aspx?id=98
98,H,02,07854456,Mehdipatnam Toastmasters Club,Low,24,7,0,0,0,0,0,0,0,1,0,5,0,0,0,1,,2021-10-21,http://dashboards.toastmasters.org/District.aspx?id=98
98,H,03,01036431,Deloitte Hyderabad Toastmasters Club,Active,25,25,5,1,1,0,2,1,0,4,5,7,0,1,0,1,,2021-10-21,http://dashboards.toastmasters.org/District.aspx?id=98
98,H,03,01937401,Golden Falcon Toastmasters,Active,44,39,7,3,2,0,2,1,1,4,4,7,0,1,0,1,,2021-10-21,http://dashboards.toastmasters.org/District.aspx?id=98
98,H,03,03543283,Quest-Qualcomm's Enlightened Speakers of Tomorrow,Active,9,17,3,3,0,0,0,0,0,4,7,4,0,1,0,1,,2021-10-21,http://dashboards.toastmasters.org/District.aspx?id=98
98,H,03,04799292,CDK Hyderabad Toastmasters Club,Active,20,22,2,1,1,0,0,0,0,4,1,6,0,1,0,1,,2021-10-21,http://dashboards.toastmasters.org/District.aspx?id=98
98,H,03,05488272,Eager Beaver's Toastmasters Club,Suspended,0,0,0,0,0,0,0,0,0,0,0,0,0,0,0,0,,2021-10-21,http://dashboards.toastmasters.org/District.aspx?id=98
98,H,03,07895736,MitraTech Toastmasters Club,Active,63,63,1,0,0,0,0,0,0,0,0,7,0,1,0,1,,2021-10-21,http://dashboards.toastmasters.org/District.aspx?id=98
98,H,04,06887490,Guntur Toastmasters Club,Active,31,17,5,1,1,0,4,1,2,4,2,6,0,1,0,1,,2021-10-21,http://dashboards.toastmasters.org/District.aspx?id=98
98,H,04,07160802,PSCMR Toastmasters Club,Active,21,20,1,0,0,0,0,0,0,1,0,7,0,1,0,1,,2021-10-21,http://dashboards.toastmasters.org/District.aspx?id=98
98,H,04,07326699,SVECW Speech Weavers Toastmasters,Active,26,25,3,3,0,0,0,0,0,4,8,7,0,1,0,1,,2021-10-21,http://dashboards.toastmasters.org/District.aspx?id=98
98,H,04,07327622,S.R.K.R. Toastmasters,Active,9,8,1,2,1,0,0,0,0,1,0,7,0,1,0,1,,2021-10-21,http://dashboards.toastmasters.org/District.aspx?id=98
98,H,04,07913211,Vijayawada Toastmasters Club,Active,22,22,1,1,0,0,0,0,0,0,0,7,0,1,0,1,,2021-10-21,http://dashboards.toastmasters.org/District.aspx?id=98
98,J,01,02472534,Amdavad Toastmasters Club,Active,48,43,7,0,2,0,2,1,1,4,5,7,0,1,0,1,,2021-10-21,http://dashboards.toastmasters.org/District.aspx?id=98
98,J,01,06931486,Heritage City Toastmasters Club,Active,29,16,7,5,2,1,2,1,1,4,3,7,0,1,0,1,,2021-10-21,http://dashboards.toastmasters.org/District.aspx?id=98
98,J,01,07709614,CorpOrate Toastmasters Club,Ineligible,12,0,0,0,0,0,0,0,0,0,0,5,0,0,0,1,,2021-10-21,http://dashboards.toastmasters.org/District.aspx?id=98
98,J,01,07876919,Cadence Ahmedabad Fortune Toastmasters Club,Active,20,22,0,0,0,0,0,0,0,3,0,7,0,0,0,1,,2021-10-21,http://dashboards.toastmasters.org/District.aspx?id=98
98,J,02,05689336,RG Speakers Toastmasters Club,Active,40,53,4,1,0,0,0,1,0,4,9,7,0,1,0,1,,2021-10-21,http://dashboards.toastmasters.org/District.aspx?id=98
98,J,02,07169553,RG Doyens,Active,38,50,5,2,1,0,1,1,2,4,17,7,0,1,1,1,,2021-10-21,http://dashboards.toastmasters.org/District.aspx?id=98
98,J,02,07182855,RG KDAV Speakers Toastmasters Club,Suspended,1,0,0,0,0,0,0,0,0,0,0,0,0,0,0,0,,2021-10-21,http://dashboards.toastmasters.org/District.aspx?id=98
98,J,02,07185923,RG Orators Toastmasters Club,Active,25,28,7,5,2,0,1,1,4,4,5,7,0,1,0,1,,2021-10-21,http://dashboards.toastmasters.org/District.aspx?id=98
98,J,02,07244872,RIL JMD Speakers Toastmasters Club,Active,8,22,2,0,0,0,0,0,0,4,11,0,0,1,0,0,,2021-10-21,http://dashboards.toastmasters.org/District.aspx?id=98
98,J,02,07403659,Rajkot Toastmasters Club,Active,11,11,1,0,0,0,0,0,0,2,0,7,0,1,0,1,,2021-10-21,http://dashboards.toastmasters.org/District.aspx?id=98
98,J,03,03220784,TCS BE@T Gandhinagar,Active,32,22,4,1,1,0,0,1,1,4,3,7,0,1,0,1,,2021-10-21,http://dashboards.toastmasters.org/District.aspx?id=98
98,J,03,06839027,TCS KALPAK TOASTMASTERS CLUB,Active,9,8,3,1,0,0,0,1,0,4,2,7,0,1,0,1,,2021-10-21,http://dashboards.toastmasters.org/District.aspx?id=98
98,J,03,07636059,Gandhinagar Toastmasters Club,Active,18,15,3,0,2,0,0,0,0,4,1,7,0,1,0,1,,2021-10-21,http://dashboards.toastmasters.org/District.aspx?id=98
98,J,03,07877736,PIMA Toastmasters Club,Ineligible,35,0,0,0,0,0,0,0,0,0,0,7,0,0,0,0,,2021-10-21,http://dashboards.toastmasters.org/District.aspx?id=98
98,M,01,04899367,RIL Toastmasters Club,Active,73,68,3,1,1,0,0,0,0,4,5,7,0,1,0,1,,2021-10-21,http://dashboards.toastmasters.org/District.aspx?id=98
98,M,01,06881120,UBS Mumbai Toastmasters Club,Active,25,20,4,5,0,0,0,0,0,4,5,6,0,1,0,1,,2021-10-21,http://dashboards.toastmasters.org/District.aspx?id=98
98,M,01,07231185,Kharghar Toastmasters Club,Active,39,29,6,7,2,1,1,1,1,4,3,7,0,1,0,1,,2021-10-21,http://dashboards.toastmasters.org/District.aspx?id=98
98,M,01,07861024,Readers and Debaters Toastmasters Club,Active,28,24,5,2,2,0,2,1,0,4,0,7,0,1,0,1,,2021-10-21,http://dashboards.toastmasters.org/District.aspx?id=98
98,M,01,07914844,ISB Modular Programmes Toastmasters Club,Active,39,46,2,0,0,0,0,0,0,4,3,7,0,1,0,1,,2021-10-21,http://dashboards.toastmasters.org/District.aspx?id=98
98,M,02,02380536,Agnel Toastmasters Club,Active,31,37,7,2,2,0,3,1,1,4,15,7,0,1,0,1,,2021-10-21,http://dashboards.toastmasters.org/District.aspx?id=98
98,M,02,06651953,Mastek Toastmasters Club,Suspended,0,0,0,0,0,0,0,0,0,0,0,0,0,0,0,0,,2021-10-21,http://dashboards.toastmasters.org/District.aspx?id=98
98,M,02,07571457,GEP Toastmasters Club,Active,43,36,3,0,0,0,0,0,0,4,11,7,0,1,0,1,,2021-10-21,http://dashboards.toastmasters.org/District.aspx?id=98
98,M,02,07798485,Airoli Bilingual Toastmasters Club,Active,27,16,6,4,2,0,2,1,1,1,0,7,0,1,0,1,,2021-10-21,http://dashboards.toastmasters.org/District.aspx?id=98
98,M,02,07906093,Mumbai Communicators Toastmasters Club,Active,13,20,1,1,0,0,0,0,0,4,1,7,0,0,0,1,,2021-10-21,http://dashboards.toastmasters.org/District.aspx?id=98
98,M,03,06770016,Palava Toastmasters Club,Active,24,23,3,1,0,0,0,1,0,4,0,7,0,1,0,1,,2021-10-21,http://dashboards.toastmasters.org/District.aspx?id=98
98,M,03,07753761,Speakathon Kalwa Toastmasters,Active,24,24,3,2,2,1,0,0,0,4,2,7,0,1,0,1,,2021-10-21,http://dashboards.toastmasters.org/District.aspx?id=98
98,M,03,07842156,Worley India Toastmasters Synergy,Active,41,15,1,1,1,0,0,0,0,3,0,7,0,1,0,1,,2021-10-21,http://dashboards.toastmasters.org/District.aspx?id=98
98,M,03,07849707,Speakers Community Toastmasters Club,Active,29,14,4,3,2,2,1,0,0,4,0,7,0,1,0,1,,2021-10-21,http://dashboards.toastmasters.org/District.aspx?id=98
98,M,04,05116082,Capgemini Mumbai Toastmasters Club,Active,27,28,5,2,1,0,0,1,1,4,6,7,0,1,0,1,,2021-10-21,http://dashboards.toastmasters.org/District.aspx?id=98
98,M,04,06592002,Ghodbunder Toastmasters Club,Active,50,37,7,4,2,2,0,1,2,4,3,7,0,1,0,1,,2021-10-21,http://dashboards.toastmasters.org/District.aspx?id=98
98,M,04,07106853,MTC Advanced Club,Suspended,0,0,0,0,0,0,0,0,0,0,0,0,0,0,0,0,,2021-10-21,http://dashboards.toastmasters.org/District.aspx?id=98
98,M,04,07763127,NMD Toastmasters Club,Active,15,23,3,0,0,0,0,0,0,4,6,7,0,1,0,1,,2021-10-21,http://dashboards.toastmasters.org/District.aspx?id=98
98,M,04,07849406,Worley India Toastmasters Harmony,Active,35,11,2,0,0,0,0,0,0,4,0,7,0,1,0,1,,2021-10-21,http://dashboards.toastmasters.org/District.aspx?id=98
98,N,01,00992223,Raisoni Institute's Diamond Toastmasters Club,Active,30,27,3,8,0,0,0,1,0,0,0,5,0,1,0,1,,2021-10-21,http://dashboards.toastmasters.org/District.aspx?id=98
98,N,01,05893739,TCS Nagpur Toastmasters Club,Active,21,14,2,0,0,0,0,0,0,4,1,7,0,1,0,1,,2021-10-21,http://dashboards.toastmasters.org/District.aspx?id=98
98,N,01,07825941,YCCE Verbalisers Toastmasters Club,Ineligible,20,0,0,0,0,0,0,0,0,0,0,7,0,0,0,1,,2021-10-21,http://dashboards.toastmasters.org/District.aspx?id=98
98,N,01,07911256,Raipur Toastmasters Club,Active,19,24,1,2,1,0,0,0,0,3,0,7,0,1,0,1,,2021-10-21,http://dashboards.toastmasters.org/District.aspx?id=98
98,N,02,00992337,Raisoni Institute's Emerald Toastmasters Club,Active,27,26,2,4,0,0,0,0,0,0,0,5,0,1,0,1,,2021-10-21,http://dashboards.toastmasters.org/District.aspx?id=98
98,N,02,03531688,Nagpur Toastmasters Club,Active,24,19,3,0,1,0,2,1,0,3,0,7,0,1,0,1,,2021-10-21,http://dashboards.toastmasters.org/District.aspx?id=98
98,N,02,05757009,IIM Nagpur Toastmasters Club,Active,8,20,3,1,0,0,0,0,0,4,11,4,0,1,0,1,,2021-10-21,http://dashboards.toastmasters.org/District.aspx?id=98
98,N,02,07811085,InfoCepts Toastmasters Club,Active,16,11,3,0,0,0,0,1,0,4,1,6,0,1,0,1,,2021-10-21,http://dashboards.toastmasters.org/District.aspx?id=98
98,N,03,05742286,Provakta Toastmasters Club of IIM Raipur,Active,14,17,3,0,0,0,0,0,0,4,9,7,0,1,0,1,,2021-10-21,http://dashboards.toastmasters.org/District.aspx?id=98
98,N,03,07185394,SSIPMT Spellbinders,Active,23,14,3,2,0,0,2,0,0,4,0,7,0,1,0,1,,2021-10-21,http://dashboards.toastmasters.org/District.aspx?id=98
98,N,03,07447795,Toastmasters @ Persistent Nagpur,Suspended,0,0,0,0,0,0,0,0,0,0,0,0,0,0,0,0,,2021-10-21,http://dashboards.toastmasters.org/District.aspx?id=98
98,N,03,07735020,Loyal Toastmasters Club,Active,23,16,2,0,1,0,2,0,0,3,0,7,0,1,0,1,,2021-10-21,http://dashboards.toastmasters.org/District.aspx?id=98
98,N,04,05762025,IMT Nagpur Toastmasters Club,Low,8,7,2,2,0,0,0,0,0,4,5,7,0,0,0,1,,2021-10-21,http://dashboards.toastmasters.org/District.aspx?id=98
98,N,04,07073592,Gurukul.Education Toastmasters Club,Active,21,18,7,4,2,2,3,1,1,2,0,7,0,1,0,1,,2021-10-21,http://dashboards.toastmasters.org/District.aspx?id=98
98,N,04,07289583,Raisoni Institute's Brio Toastmasters Club,Ineligible,20,0,1,4,0,0,0,0,0,0,0,4,0,0,0,1,,2021-10-21,http://dashboards.toastmasters.org/District.aspx?id=98
98,N,04,07429657,Rungta Toastmasters Club,Active,18,15,2,9,0,0,0,0,0,3,0,7,0,1,0,1,,2021-10-21,http://dashboards.toastmasters.org/District.aspx?id=98
98,O,01,06539289,UBS Pune Toastmasters Club,Active,25,25,3,1,1,0,0,0,0,4,5,7,0,1,0,1,,2021-10-21,http://dashboards.toastmasters.org/District.aspx?id=98
98,O,01,06592020,Deutsche Bank Pune Toastmasters Club,Active,11,17,4,0,0,0,0,1,0,4,8,7,0,1,0,1,,2021-10-21,http://dashboards.toastmasters.org/District.aspx?id=98
98,O,01,06885728,SgAs Toastmasters Club,Active,20,11,1,0,0,0,0,0,0,1,0,7,0,1,0,1,,2021-10-21,http://dashboards.toastmasters.org/District.aspx?id=98
98,O,01,07448369,Toastmasters for Pune Entrepreneurs 2.0,Active,29,28,9,5,2,3,5,1,2,4,5,7,0,1,0,1,,2021-10-21,http://dashboards.toastmasters.org/District.aspx?id=98
98,O,01,07922639,John Deere Pune Toastmasters 3.0,Active,20,20,1,0,0,0,0,0,0,0,0,0,0,1,0,1,,2021-10-21,http://dashboards.toastmasters.org/District.aspx?id=98
98,O,02,02571105,Opulent Toastmasters Club Of Pune Camp,Active,21,11,3,0,1,0,1,1,1,0,0,7,0,1,0,1,,2021-10-21,http://dashboards.toastmasters.org/District.aspx?id=98
98,O,02,06716037,Aurangabad Toastmasters,Active,16,14,4,1,0,0,2,1,0,4,0,7,0,1,0,1,,2021-10-21,http://dashboards.toastmasters.org/District.aspx?id=98
98,O,02,07757012,Toastmasters Club of BMC Software Customer Success,Active,27,27,7,5,2,0,1,1,1,4,4,7,0,1,0,1,,2021-10-21,http://dashboards.toastmasters.org/District.aspx?id=98
98,O,02,07870960,Mastering Leadership TMC,Active,26,24,3,2,0,0,0,0,0,4,4,7,0,1,0,1,,2021-10-21,http://dashboards.toastmasters.org/District.aspx?id=98
98,O,03,05027867,Tietoevry Toastmasters Club,Active,23,20,4,3,2,1,1,1,2,2,0,7,0,1,0,1,,2021-10-21,http://dashboards.toastmasters.org/District.aspx?id=98
98,O,03,06642875,Toastmasters Club of Pune South,Active,27,19,5,2,2,0,1,1,2,4,2,7,0,1,0,1,,2021-10-21,http://dashboards.toastmasters.org/District.aspx?id=98
98,O,03,06783455,BNY Mellon - Pune Commerzone,Active,15,16,3,0,0,0,0,0,0,4,5,7,0,1,0,1,,2021-10-21,http://dashboards.toastmasters.org/District.aspx?id=98
98,O,03,07860776,Cadence Sparkling Toastmasters Club,Active,22,20,2,0,0,0,0,0,0,4,0,7,0,1,0,1,,2021-10-21,http://dashboards.toastmasters.org/District.aspx?id=98
98,O,04,02150212,TSYS Pune Toastmasters Club,Low,20,3,0,1,0,0,0,0,0,2,0,7,0,0,0,1,,2021-10-21,http://dashboards.toastmasters.org/District.aspx?id=98
98,O,04,02973814,Toastmasters Club of Pune - North East,Active,26,22,4,2,1,0,1,1,0,4,13,7,0,1,0,1,,2021-10-21,http://dashboards.toastmasters.org/District.aspx?id=98
98,O,04,03700901,Toastmasters Club of BMC Software,Active,16,15,3,1,0,0,1,1,0,4,3,7,0,1,0,1,,2021-10-21,http://dashboards.toastmasters.org/District.aspx?id=98
98,O,04,07850062,STL Toastmaster Club,Low,29,7,0,0,0,0,0,0,0,1,0,7,0,0,0,1,,2021-10-21,http://dashboards.toastmasters.org/District.aspx?id=98
98,P,01,01141787,Toastmasters Club of Pune,Active,40,25,7,5,2,0,1,1,3,4,5,7,0,1,0,1,,2021-10-21,http://dashboards.toastmasters.org/District.aspx?id=98
98,P,01,07470706,Pune Marathi Toastmasters Club,Active,19,16,5,2,2,0,1,1,1,4,3,7,0,1,0,1,,2021-10-21,http://dashboards.toastmasters.org/District.aspx?id=98
98,P,01,07843205,Kolhapur Toastmasters Club,Active,25,16,1,0,0,0,0,0,0,3,0,7,0,1,0,1,,2021-10-21,http://dashboards.toastmasters.org/District.aspx?id=98
98,P,01,07870821,Druva Toastmasters Club,Active,32,16,1,0,0,0,0,0,0,4,3,7,0,0,0,1,,2021-10-21,http://dashboards.toastmasters.org/District.aspx?id=98
98,P,02,01534609,Toastmasters Club of Pune-West,Active,30,29,8,4,2,1,2,1,2,4,7,7,0,1,0,1,,2021-10-21,http://dashboards.toastmasters.org/District.aspx?id=98
98,P,02,05820914,Accenture Pune Toastmasters Club,Low,9,6,0,0,0,0,0,0,0,3,0,7,0,0,0,1,,2021-10-21,http://dashboards.toastmasters.org/District.aspx?id=98
98,P,02,05970302,Cummins Pune Toastmasters Club,Active,16,11,3,3,1,0,0,1,1,0,0,7,0,1,0,1,,2021-10-21,http://dashboards.toastmasters.org/District.aspx?id=98
98,P,02,06974223,Sinhgad Toastmasters Club,Active,25,21,5,2,2,0,2,1,0,4,2,7,0,1,0,1,,2021-10-21,http://dashboards.toastmasters.org/District.aspx?id=98
98,P,03,02541278,Toastmasters Club Of Pune-Central,Active,19,20,7,1,2,2,3,1,1,4,2,7,0,1,0,1,,2021-10-21,http://dashboards.toastmasters.org/District.aspx?id=98
98,P,03,06641278,3DS Pune Toastmasters Club,Active,20,18,6,0,1,0,2,1,1,4,4,7,0,1,0,1,,2021-10-21,http://dashboards.toastmasters.org/District.aspx?id=98
98,P,03,06643699,Persistent Pune Hinjewadi Toastmasters,Suspended,1,0,0,0,0,0,0,0,0,0,0,0,0,0,0,0,,2021-10-21,http://dashboards.toastmasters.org/District.aspx?id=98
98,P,03,07771017,Fintree Toastmasters Club For Finance Professionals,Active,11,8,2,2,2,0,0,0,0,4,0,7,0,0,0,1,,2021-10-21,http://dashboards.toastmasters.org/District.aspx?id=98
98,P,03,07811400,Rainbow Toastmasters Club,Active,20,22,6,2,2,0,1,1,1,4,4,7,0,1,0,1,,2021-10-21,http://dashboards.toastmasters.org/District.aspx?id=98
98,P,04,05294613,Pune Advanced Toastmasters Club,Active,27,26,6,4,2,2,3,0,0,4,0,7,0,1,0,1,,2021-10-21,http://dashboards.toastmasters.org/District.aspx?id=98
98,P,04,05979643,e-Zest Toastmasters Club,Active,33,11,2,1,0,0,0,0,0,4,0,7,0,1,0,1,,2021-10-21,http://dashboards.toastmasters.org/District.aspx?id=98
98,P,04,06941712,Toastmasters Club of Nashik,Active,20,17,1,0,0,0,0,0,0,1,0,7,0,1,0,1,,2021-10-21,http://dashboards.toastmasters.org/District.aspx?id=98
98,P,04,07669989,CRISIL Pune Toastmasters Club,Ineligible,11,0,0,0,0,0,0,0,0,0,0,7,0,0,0,1,,2021-10-21,http://dashboards.toastmasters.org/District.aspx?id=98
98,P,04,07894528,Moog Toastmasters Club of Pune,Active,20,21,1,0,0,0,0,0,0,1,0,7,0,1,0,1,,2021-10-21,http://dashboards.toastmasters.org/District.aspx?id=98
98,P,05,05163301,Deccan Toastmasters Club,Active,46,34,6,4,1,0,2,1,3,4,0,7,0,1,0,1,,2021-10-21,http://dashboards.toastmasters.org/District.aspx?id=98
98,P,05,07434850,Atlas Copco Gecia Toastmasters Club,Active,24,25,8,4,2,1,3,1,2,4,8,5,0,1,0,1,,2021-10-21,http://dashboards.toastmasters.org/District.aspx?id=98
98,P,05,07711836,Cisco Eloquence Toastmasters Club,Active,12,10,1,0,0,0,0,0,0,0,0,6,0,1,0,1,,2021-10-21,http://dashboards.toastmasters.org/District.aspx?id=98
98,P,05,07798218,Toastmasters For Global Entrepreneurs,Active,24,13,3,0,2,1,0,1,0,1,0,7,0,1,0,1,,2021-10-21,http://dashboards.toastmasters.org/District.aspx?id=98
98,S,01,05843297,Mahindra Worli Toastmasters,Suspended,0,0,0,0,0,0,0,0,0,0,0,0,0,0,0,0,,2021-10-21,http://dashboards.toastmasters.org/District.aspx?id=98
98,S,01,07065798,Sobo Toastmasters,Active,30,31,9,10,2,2,5,1,2,4,5,7,0,1,0,1,,2021-10-21,http://dashboards.toastmasters.org/District.aspx?id=98
98,S,01,07290320,UPL Toastmasters Club,Active,14,12,4,1,0,0,2,1,0,4,0,7,0,1,0,1,,2021-10-21,http://dashboards.toastmasters.org/District.aspx?id=98
98,S,01,07702926,Transunion Mumbai Toastmasters,Suspended,0,0,0,0,0,0,0,0,0,0,0,0,0,0,0,0,,2021-10-21,http://dashboards.toastmasters.org/District.aspx?id=98
98,S,01,07774241,Evergreen Toastmasters Club,Active,23,12,1,2,0,0,0,0,0,1,0,7,0,1,0,1,,2021-10-21,http://dashboards.toastmasters.org/District.aspx?id=98
98,S,01,07874066,All Elite Advanced Toastmasters Club,Active,23,19,2,0,0,0,0,0,0,4,0,7,0,1,0,1,,2021-10-21,http://dashboards.toastmasters.org/District.aspx?id=98
98,S,02,00993448,Mumbai Toastmasters,Active,100,85,7,0,2,0,2,1,2,4,31,7,0,1,0,1,,2021-10-21,http://dashboards.toastmasters.org/District.aspx?id=98
98,S,02,07700494,CIPLA Toastmasters,Active,28,27,4,3,2,1,2,0,0,4,3,7,0,1,0,1,,2021-10-21,http://dashboards.toastmasters.org/District.aspx?id=98
98,S,02,07807819,The Talking Tree,Active,48,18,1,2,1,0,0,0,0,0,0,7,0,1,0,1,,2021-10-21,http://dashboards.toastmasters.org/District.aspx?id=98
98,S,02,07861075,Hindalco Toastmasters Club,Active,51,22,1,0,0,0,0,0,0,1,0,7,0,1,0,1,,2021-10-21,http://dashboards.toastmasters.org/District.aspx?id=98
98,S,02,07903431,SP Jain Toastmasters Club Mumbai,Active,26,28,1,0,0,0,0,0,0,2,0,6,0,1,0,1,,2021-10-21,http://dashboards.toastmasters.org/District.aspx?id=98
98,S,03,03217489,DADAR Toastmasters Club,Active,22,16,5,2,1,0,2,1,2,4,1,7,0,1,0,1,,2021-10-21,http://dashboards.toastmasters.org/District.aspx?id=98
98,S,03,06886479,BKC Fireflies Toastmasters,Active,21,15,1,3,0,0,1,0,0,3,0,7,0,1,0,1,,2021-10-21,http://dashboards.toastmasters.org/District.aspx?id=98
98,S,03,07709516,Acuris Mumbai Toastmasters,Low,9,3,0,3,0,0,0,0,0,3,0,5,0,0,0,1,,2021-10-21,http://dashboards.toastmasters.org/District.aspx?id=98
98,S,03,07829534,Toastmasters Club For Mumbai CAs,Low,20,6,0,0,0,0,0,0,0,2,0,7,0,0,0,1,,2021-10-21,http://dashboards.toastmasters.org/District.aspx?id=98
98,S,04,06926213,CGI Mumbai,Suspended,0,0,0,0,0,0,0,0,0,0,0,0,0,0,0,0,,2021-10-21,http://dashboards.toastmasters.org/District.aspx?id=98
98,S,04,07434194,UltraTech Toastmasters Club,Active,15,11,1,1,0,0,0,0,0,0,0,7,0,1,0,1,,2021-10-21,http://dashboards.toastmasters.org/District.aspx?id=98
98,S,04,07549134,Andheri Orators Toastmasters,Active,25,26,6,2,1,0,2,1,1,4,4,7,0,1,0,1,,2021-10-21,http://dashboards.toastmasters.org/District.aspx?id=98
98,S,04,07655880,GIA Toastmaster - India,Active,8,8,0,0,0,0,0,0,0,0,0,7,0,0,0,1,,2021-10-21,http://dashboards.toastmasters.org/District.aspx?id=98
98,S,04,07677706,Santacruz Speakers Toastmasters Club,Active,27,23,6,7,2,1,3,1,1,3,0,7,0,1,0,1,,2021-10-21,http://dashboards.toastmasters.org/District.aspx?id=98
98,S,04,07833944,Marico Toastmasters,Active,39,16,1,0,0,0,0,0,0,0,0,7,0,1,0,1,,2021-10-21,http://dashboards.toastmasters.org/District.aspx?id=98
98,U,01,01246728,Mulund Toastmasters Club,Active,60,46,5,6,1,0,2,0,0,4,5,7,0,1,0,1,,2021-10-21,http://dashboards.toastmasters.org/District.aspx?id=98
98,U,01,05105254,Stellar Toastmasters Club,Active,18,15,4,2,1,0,1,1,4,4,2,7,0,1,0,1,,2021-10-21,http://dashboards.toastmasters.org/District.aspx?id=98
98,U,01,07289546,Expedition Toastmasters Mumbai,Active,16,31,3,0,0,0,0,0,0,4,13,7,0,1,0,1,,2021-10-21,http://dashboards.toastmasters.org/District.aspx?id=98
98,U,01,07854983,VJTI Toastmasters Club,Active,24,8,1,0,0,0,0,0,0,1,0,7,0,1,0,1,,2021-10-21,http://dashboards.toastmasters.org/District.aspx?id=98
98,U,01,07886509,Apollo India,Active,40,44,2,0,0,0,0,0,0,4,1,7,0,1,0,1,,2021-10-21,http://dashboards.toastmasters.org/District.aspx?id=98
98,U,02,04764579,JPMC Powai Toastmasters,Active,21,18,2,0,0,0,2,0,0,1,0,7,0,1,0,1,,2021-10-21,http://dashboards.toastmasters.org/District.aspx?id=98
98,U,02,05748839,Somaiya Toastmasters Club,Active,28,25,5,2,0,0,1,1,1,4,6,7,0,1,0,1,,2021-10-21,http://dashboards.toastmasters.org/District.aspx?id=98
98,U,02,06578723,Schindler Toastmasters Powai (STM Powai),Active,20,14,1,0,0,0,0,0,0,0,0,7,0,1,0,1,,2021-10-21,http://dashboards.toastmasters.org/District.aspx?id=98
98,U,02,07854767,Eloquent Elites,Active,36,17,2,1,0,0,0,0,0,4,0,7,0,1,0,1,,2021-10-21,http://dashboards.toastmasters.org/District.aspx?id=98
98,U,03,02017422,Thane Toastmasters Club,Active,30,23,2,0,0,0,0,0,0,4,3,7,0,1,0,1,,2021-10-21,http://dashboards.toastmasters.org/District.aspx?id=98
98,U,03,02798803,NITIE Toastmasters Club,Ineligible,8,0,0,0,0,0,0,0,0,0,0,7,0,0,0,1,,2021-10-21,http://dashboards.toastmasters.org/District.aspx?id=98
98,U,03,07297859,CRISIL Toastmasters,Ineligible,22,0,0,0,0,0,0,0,0,0,0,7,0,0,0,1,,2021-10-21,http://dashboards.toastmasters.org/District.aspx?id=98
98,U,03,07581427,Teradata Mumbai Toastmasters Club,Active,28,21,1,1,0,0,0,0,0,1,0,7,0,1,0,1,,2021-10-21,http://dashboards.toastmasters.org/District.aspx?id=98
98,U,03,07881091,STL NIM Toastmasters Club,Active,20,18,1,0,0,0,0,0,0,0,0,7,0,1,0,1,,2021-10-21,http://dashboards.toastmasters.org/District.aspx?id=98
98,U,04,00616631,TCS Maitree Toastmasters Club,Active,59,35,9,5,2,2,4,1,3,4,13,7,0,1,0,1,,2021-10-21,http://dashboards.toastmasters.org/District.aspx?id=98
98,U,04,02017514,General Mills India Toastmasters Club,Active,20,22,3,1,2,0,0,0,0,4,2,7,0,1,1,1,,2021-10-21,http://dashboards.toastmasters.org/District.aspx?id=98
98,U,04,03349716,Powai Toastmasters Club,Active,24,17,2,1,0,0,1,1,0,2,0,7,0,1,0,1,,2021-10-21,http://dashboards.toastmasters.org/District.aspx?id=98
98,U,04,06649866,TYHO SDA Bocconi,Active,14,12,5,0,1,0,1,1,2,4,16,7,0,1,0,1,,2021-10-21,http://dashboards.toastmasters.org/District.aspx?id=98
98,U,04,07749915,"L&T Toastmasters Club, Powai Chapter",Active,33,25,5,4,0,0,0,1,0,4,8,7,0,1,0,1,,2021-10-21,http://dashboards.toastmasters.org/District.aspx?id=98
98,W,01,01214543,GOA YMCA Toastmasters Club,Active,13,16,5,2,2,1,2,1,0,4,1,4,0,1,0,1,,2021-10-21,http://dashboards.toastmasters.org/District.aspx?id=98
98,W,01,04361333,Mapusa Toastmasters,Active,19,15,4,1,1,0,1,1,1,4,1,6,0,1,0,1,,2021-10-21,http://dashboards.toastmasters.org/District.aspx?id=98
98,W,01,06941455,Tangentia Toastmasters,Active,15,18,2,0,0,0,0,0,0,4,10,4,0,0,0,1,,2021-10-21,http://dashboards.toastmasters.org/District.aspx?id=98
98,W,01,07708785,Teva Goa Toastmasters Club,Ineligible,23,0,1,0,0,0,0,1,0,0,0,5,0,0,0,1,,2021-10-21,http://dashboards.toastmasters.org/District.aspx?id=98
98,W,02,02575847,Toastmasters International Margao,Active,10,9,2,1,0,0,0,1,0,2,0,7,0,1,0,1,,2021-10-21,http://dashboards.toastmasters.org/District.aspx?id=98
98,W,02,03214306,International Centre GOA (ICG) Toastmasters Club,Active,32,36,6,4,1,0,3,1,0,4,7,7,0,1,0,1,,2021-10-21,http://dashboards.toastmasters.org/District.aspx?id=98
98,W,02,07783728,Ponda Toastmasters Club,Low,11,4,0,0,0,0,1,0,0,0,0,4,0,0,0,1,,2021-10-21,http://dashboards.toastmasters.org/District.aspx?id=98
98,W,03,06656843,Ana Fonte Toastmasters Club,Active,20,13,1,0,1,0,0,0,0,3,0,7,0,1,0,1,,2021-10-21,http://dashboards.toastmasters.org/District.aspx?id=98
98,W,03,07441712,Siemens Goa Toastmasters Club,Ineligible,8,0,0,0,0,0,0,0,0,0,0,5,0,0,0,1,,2021-10-21,http://dashboards.toastmasters.org/District.aspx?id=98
98,W,03,07783722,Vasco Toastmasters Club,Active,22,16,3,1,1,0,2,1,0,3,0,7,0,1,0,1,,2021-10-21,http://dashboards.toastmasters.org/District.aspx?id=98
98,W,04,01114159,Eaton Toastmasters Club,Low,26,4,0,0,0,0,0,0,0,2,0,7,0,0,0,1,,2021-10-21,http://dashboards.toastmasters.org/District.aspx?id=98
98,W,04,06746425,NT India Pune Toastmasters Club,Active,22,28,3,0,0,0,0,0,0,4,12,7,0,1,0,1,,2021-10-21,http://dashboards.toastmasters.org/District.aspx?id=98
98,W,04,07166870,PTC Marisoft Toastmasters Club,Active,22,20,3,1,1,0,2,0,0,4,1,7,0,1,0,1,,2021-10-21,http://dashboards.toastmasters.org/District.aspx?id=98
98,W,04,07616576,Majesco Pune Toastmasters Club,Suspended,0,0,0,0,0,0,0,0,0,0,0,0,0,0,0,0,,2021-10-21,http://dashboards.toastmasters.org/District.aspx?id=98
98,W,04,07856700,EHI Toastmasters Club,Active,26,8,1,3,0,0,0,0,0,2,0,7,0,1,0,1,,2021-10-21,http://dashboards.toastmasters.org/District.aspx?id=98
98,W,05,05094604,Citi eXpressions Toastmasters Club,Active,12,10,1,0,0,0,0,0,0,1,0,5,0,1,0,1,,2021-10-21,http://dashboards.toastmasters.org/District.aspx?id=98
98,W,05,06090346,Toastmasters Club of Allscripts Pune,Active,24,12,4,1,2,0,1,1,1,3,0,5,0,1,0,1,,2021-10-21,http://dashboards.toastmasters.org/District.aspx?id=98
98,W,05,07084394,Impressions Toastmasters,Active,19,10,1,2,0,0,0,0,0,1,0,7,0,1,0,1,,2021-10-21,http://dashboards.toastmasters.org/District.aspx?id=98
98,W,05,07300474,Kharadi Toastmasters Club,Active,31,28,6,5,0,0,1,1,1,4,5,7,0,1,0,1,,2021-10-21,http://dashboards.toastmasters.org/District.aspx?id=98
Month of Oct, As of 10/19/2021,2021-10-21,http://dashboards.toastmasters.org/District.aspx?id=98
