District,Division,Area,Club,Club Name,New,Late Ren.,Oct. Ren.,Apr. Ren.,Total Ren.,Total Chart,Total to Date,Distinguished Status,Charter Date/Suspend Date,date,link
98,A,1,2472534,Amdavad Toastmasters Club,24,0,44,37,81,0,105,P,,2021-05-06,http://dashboards.toastmasters.org/District.aspx?id=98
98,A,1,6931486,Heritage City Toastmasters Club,20,0,19,23,42,0,62,P,,2021-05-06,http://dashboards.toastmasters.org/District.aspx?id=98
98,A,1,7709614,CorpOrate Toastmasters Club,6,0,15,12,27,0,33,,,2021-05-06,http://dashboards.toastmasters.org/District.aspx?id=98
98,A,1,7876919,Cadence Ahmedabad Fortune Toastmasters Club,0,0,0,20,20,20,40,,Charter 03/29/21,2021-05-06,http://dashboards.toastmasters.org/District.aspx?id=98
98,A,2,5306488,Vadodara Toastmasters Club,31,0,30,30,60,0,91,P,,2021-05-06,http://dashboards.toastmasters.org/District.aspx?id=98
98,A,2,6090393,Toastmasters Club of Allscripts Vadodara,11,0,17,12,29,0,40,,,2021-05-06,http://dashboards.toastmasters.org/District.aspx?id=98
98,A,2,6886178,Apidel Toastmasters Club,0,0,0,0,0,0,0,, Susp 08/31/20,2021-05-06,http://dashboards.toastmasters.org/District.aspx?id=98
98,A,2,6886272,Toastmasters Club of Baroda (TCB),18,0,22,23,45,0,63,P,,2021-05-06,http://dashboards.toastmasters.org/District.aspx?id=98
98,A,2,7842705,Vatt Thi Gujarati Toastmasters Club,1,0,0,21,21,13,35,,Charter 01/29/21,2021-05-06,http://dashboards.toastmasters.org/District.aspx?id=98
98,A,2,7854559,Investis Digital India,0,0,0,20,20,20,40,,Charter 01/24/21,2021-05-06,http://dashboards.toastmasters.org/District.aspx?id=98
98,A,3,2180628,Swami Vivekanand Toastmasters Club,16,0,13,13,26,0,42,,,2021-05-06,http://dashboards.toastmasters.org/District.aspx?id=98
98,A,3,2621397,ISC Bhopal Toastmasters International Club,4,0,10,4,14,0,18,,,2021-05-06,http://dashboards.toastmasters.org/District.aspx?id=98
98,A,3,7240051,Bhopal Toastmasters Club,26,0,18,13,31,0,57,,,2021-05-06,http://dashboards.toastmasters.org/District.aspx?id=98
98,A,3,7525513,Samvaad Toastmasters Club,9,0,8,7,15,0,24,,,2021-05-06,http://dashboards.toastmasters.org/District.aspx?id=98
98,A,3,7730165,Gwalior Toastmasters Club,1,1,2,0,3,0,4,,,2021-05-06,http://dashboards.toastmasters.org/District.aspx?id=98
98,A,4,2587096,Transcendence,20,0,22,23,45,0,65,P,,2021-05-06,http://dashboards.toastmasters.org/District.aspx?id=98
98,A,4,6692382,Impact Toastmasters Club,14,0,12,12,24,0,38,,,2021-05-06,http://dashboards.toastmasters.org/District.aspx?id=98
98,A,4,6977979,TCS Maitree Toastmasters Club Indore,16,0,14,13,27,0,43,,,2021-05-06,http://dashboards.toastmasters.org/District.aspx?id=98
98,A,4,7235362,Avantika Toastmasters Club,8,1,18,11,30,0,38,,,2021-05-06,http://dashboards.toastmasters.org/District.aspx?id=98
98,A,4,7691809,Beyond Key Toastmasters Club,5,0,0,0,0,0,5,,,2021-05-06,http://dashboards.toastmasters.org/District.aspx?id=98
98,A,4,7806306,InfoBeans Toastmasters Club,5,0,15,14,29,21,55,,Charter 08/20/20,2021-05-06,http://dashboards.toastmasters.org/District.aspx?id=98
98,A,5,3220784,TCS BE@T Gandhinagar,21,0,24,30,54,0,75,P,,2021-05-06,http://dashboards.toastmasters.org/District.aspx?id=98
98,A,5,6839027,TCS KALPAK TOASTMASTERS CLUB,3,0,9,7,16,0,19,,,2021-05-06,http://dashboards.toastmasters.org/District.aspx?id=98
98,A,5,7636059,Gandhinagar Toastmasters Club,14,0,19,14,33,0,47,,,2021-05-06,http://dashboards.toastmasters.org/District.aspx?id=98
98,A,5,7877736,PIMA Toastmasters Club,0,0,0,35,35,35,70,,Charter 03/27/21,2021-05-06,http://dashboards.toastmasters.org/District.aspx?id=98
98,B,1,1135184,Bombay Toastmasters,16,0,42,35,77,0,93,P,,2021-05-06,http://dashboards.toastmasters.org/District.aspx?id=98
98,B,1,2854357,Eminent Toastmasters Club,19,0,37,35,72,0,91,P,,2021-05-06,http://dashboards.toastmasters.org/District.aspx?id=98
98,B,1,4297290,NMIMS Mumbai Toastmasters Club (NMTC),31,0,21,6,27,0,58,,,2021-05-06,http://dashboards.toastmasters.org/District.aspx?id=98
98,B,1,7770358,Leaders Connect Toastmasters Club,21,0,16,14,30,0,51,D,,2021-05-06,http://dashboards.toastmasters.org/District.aspx?id=98
98,B,1,7877720,Mumbai Orators Toastmasters Club,0,0,0,18,18,15,33,,Charter 03/27/21,2021-05-06,http://dashboards.toastmasters.org/District.aspx?id=98
98,B,2,1447379,Mahindra Toastmasters Club,10,0,22,14,36,0,46,,,2021-05-06,http://dashboards.toastmasters.org/District.aspx?id=98
98,B,2,5235362,DB Mumbai Toastmasters Club,11,0,3,7,10,0,21,,,2021-05-06,http://dashboards.toastmasters.org/District.aspx?id=98
98,B,2,6786470,Chatterati Toastmasters Club,20,0,29,21,50,0,70,P,,2021-05-06,http://dashboards.toastmasters.org/District.aspx?id=98
98,B,2,7770363,Articulators,39,0,14,14,28,0,67,P,,2021-05-06,http://dashboards.toastmasters.org/District.aspx?id=98
98,B,2,7840662,Mumbai Speakers Toastmasters Club,0,0,0,19,19,20,39,,Charter 01/01/21,2021-05-06,http://dashboards.toastmasters.org/District.aspx?id=98
98,B,2,7854983,VJTI Toastmasters Club,0,0,0,20,20,18,38,,Charter 01/25/21,2021-05-06,http://dashboards.toastmasters.org/District.aspx?id=98
98,B,3,2543055,Tech Talkers,51,0,19,18,37,0,88,D,,2021-05-06,http://dashboards.toastmasters.org/District.aspx?id=98
98,B,3,4002291,Oracle Mumbai,6,0,12,8,20,0,26,,,2021-05-06,http://dashboards.toastmasters.org/District.aspx?id=98
98,B,3,4764536,JPMC Malad Toastmasters,5,0,16,12,28,0,33,,,2021-05-06,http://dashboards.toastmasters.org/District.aspx?id=98
98,B,3,7726190,Goregaon Speakers Community Toastmasters-(GSC Toastmasters),17,0,21,21,42,0,59,P,,2021-05-06,http://dashboards.toastmasters.org/District.aspx?id=98
98,B,3,7851177,Spirit of Women Toastmasters Club,4,0,0,21,21,19,44,,Charter 01/26/21,2021-05-06,http://dashboards.toastmasters.org/District.aspx?id=98
98,B,4,3349716,Powai Toastmasters Club,12,0,14,12,26,0,38,,,2021-05-06,http://dashboards.toastmasters.org/District.aspx?id=98
98,B,4,6649866,TYHO SDA Bocconi,57,0,24,12,36,0,93,P,,2021-05-06,http://dashboards.toastmasters.org/District.aspx?id=98
98,B,4,7297859,CRISIL Toastmasters,17,0,15,13,28,0,45,D,,2021-05-06,http://dashboards.toastmasters.org/District.aspx?id=98
98,B,4,7581427,Teradata Mumbai Toastmasters Club,7,0,30,26,56,0,63,,,2021-05-06,http://dashboards.toastmasters.org/District.aspx?id=98
98,B,4,7873524,Fractal Toastmasters Club,0,0,0,27,27,27,54,,Charter 03/31/21,2021-05-06,http://dashboards.toastmasters.org/District.aspx?id=98
98,B,5,2017514,General Mills India Toastmasters Club,9,0,17,0,17,0,26,,,2021-05-06,http://dashboards.toastmasters.org/District.aspx?id=98
98,B,5,2798803,NITIE Toastmasters Club,13,0,6,7,13,0,26,,,2021-05-06,http://dashboards.toastmasters.org/District.aspx?id=98
98,B,5,4764579,JPMC Powai Toastmasters,6,0,15,15,30,0,36,,,2021-05-06,http://dashboards.toastmasters.org/District.aspx?id=98
98,B,5,6578723,Schindler Toastmasters Powai (STM Powai),5,0,22,17,39,0,44,,,2021-05-06,http://dashboards.toastmasters.org/District.aspx?id=98
98,B,5,7854767,Eloquent Elites,2,0,0,27,27,29,58,,Charter 02/11/21,2021-05-06,http://dashboards.toastmasters.org/District.aspx?id=98
98,B,5,7881091,STL NIM Toastmasters Club,0,0,0,20,20,20,40,,Charter 03/31/21,2021-05-06,http://dashboards.toastmasters.org/District.aspx?id=98
98,C,1,2645684,Emerson Innovation Center-Pune Toastmasters Club,4,0,9,4,13,0,17,,,2021-05-06,http://dashboards.toastmasters.org/District.aspx?id=98
98,C,1,4167410,TCS Maitree Toastmasters Club Pune,26,0,40,40,80,0,106,P,,2021-05-06,http://dashboards.toastmasters.org/District.aspx?id=98
98,C,1,7030730,Wakad Toastmasters Club,17,0,29,20,49,0,66,P,,2021-05-06,http://dashboards.toastmasters.org/District.aspx?id=98
98,C,1,7051977,RA Pune Toastmasters Club,0,0,0,0,0,0,0,, Susp 03/31/21,2021-05-06,http://dashboards.toastmasters.org/District.aspx?id=98
98,C,1,7764009,Capgemini  Ikigai Toastmasters Club,14,0,16,11,27,0,41,,,2021-05-06,http://dashboards.toastmasters.org/District.aspx?id=98
98,C,1,7860939,Emerson ISV Toastmasters Club,1,0,0,30,30,29,60,,Charter 02/08/21,2021-05-06,http://dashboards.toastmasters.org/District.aspx?id=98
98,C,2,776544,Genesis Toastmasters Club,6,0,11,5,16,0,22,,,2021-05-06,http://dashboards.toastmasters.org/District.aspx?id=98
98,C,2,5297378,Barclays Pune 2 Toastmasters,10,0,19,16,35,0,45,,,2021-05-06,http://dashboards.toastmasters.org/District.aspx?id=98
98,C,2,5506714,Baner Toastmasters Club,17,0,29,25,54,0,71,P,,2021-05-06,http://dashboards.toastmasters.org/District.aspx?id=98
98,C,2,6786792,WIPRO Rendezvous Toastmasters Club of Pune,5,0,4,4,8,0,13,,,2021-05-06,http://dashboards.toastmasters.org/District.aspx?id=98
98,C,3,6097544,Toastmasters for Pune Entrepreneurs,10,0,20,21,41,0,51,P,,2021-05-06,http://dashboards.toastmasters.org/District.aspx?id=98
98,C,3,6933610,Birlasoft Toastmasters Club Pune,10,0,13,4,17,0,27,,,2021-05-06,http://dashboards.toastmasters.org/District.aspx?id=98
98,C,3,7239392,Aundh Toastmasters Club,13,0,18,18,36,0,49,P,,2021-05-06,http://dashboards.toastmasters.org/District.aspx?id=98
98,C,3,7431038,STS Pune Toastmasters Club,6,0,8,8,16,0,22,,,2021-05-06,http://dashboards.toastmasters.org/District.aspx?id=98
98,C,4,916446,Infosys Pune Toastmasters Club,13,0,24,18,42,0,55,S,,2021-05-06,http://dashboards.toastmasters.org/District.aspx?id=98
98,C,4,4421153,Toastmasters Club of Pune North West,13,0,32,24,56,0,69,P,,2021-05-06,http://dashboards.toastmasters.org/District.aspx?id=98
98,C,4,7390011,SISW Pune Toastmasters Club,0,0,0,0,0,0,0,, Susp 03/31/21,2021-05-06,http://dashboards.toastmasters.org/District.aspx?id=98
98,C,4,7632324,Eaton Toastmasters Collaboration Club,20,0,5,4,9,0,29,,,2021-05-06,http://dashboards.toastmasters.org/District.aspx?id=98
98,C,5,5965350,Pimpri Toastmasters Club,20,0,23,24,47,0,67,P,,2021-05-06,http://dashboards.toastmasters.org/District.aspx?id=98
98,C,5,6601517,ATLAS COPCO PUNE TOASTMASTERS CLUB,6,0,13,0,13,0,19,,,2021-05-06,http://dashboards.toastmasters.org/District.aspx?id=98
98,C,5,7229711,JCB Pune Toastmasters Club,0,0,0,0,0,0,0,, Susp 03/31/21,2021-05-06,http://dashboards.toastmasters.org/District.aspx?id=98
98,C,5,7683449,Toastmasters of Mediaocean,4,0,12,11,23,0,27,,,2021-05-06,http://dashboards.toastmasters.org/District.aspx?id=98
98,D,1,2383421,ZS Toastmasters Club,0,0,2,0,2,0,2,,,2021-05-06,http://dashboards.toastmasters.org/District.aspx?id=98
98,D,1,5144305,Barclays Pune Toastmasters Club,10,0,18,13,31,0,41,,,2021-05-06,http://dashboards.toastmasters.org/District.aspx?id=98
98,D,1,7289566,Expedition Toastmasters Pune,10,0,11,10,21,0,31,,,2021-05-06,http://dashboards.toastmasters.org/District.aspx?id=98
98,D,1,7709657,Baramati Toastmasters Club,2,0,2,0,2,0,4,,,2021-05-06,http://dashboards.toastmasters.org/District.aspx?id=98
98,D,1,7850568,John Deere Pune Toastmasters 2.0,0,0,0,26,26,25,51,,Charter 03/25/21,2021-05-06,http://dashboards.toastmasters.org/District.aspx?id=98
98,D,2,2187981,John Deere Pune Toastmasters Club,14,0,29,21,50,0,64,P,,2021-05-06,http://dashboards.toastmasters.org/District.aspx?id=98
98,D,2,6604804,Bibvewadi Toastmasters Club,8,0,16,9,25,0,33,,,2021-05-06,http://dashboards.toastmasters.org/District.aspx?id=98
98,D,2,7483153,Eaton Innovators Club,0,0,0,0,0,0,0,, Susp 03/31/21,2021-05-06,http://dashboards.toastmasters.org/District.aspx?id=98
98,D,2,7752570,Clarion Toastmasters Club,8,0,17,11,28,0,36,,,2021-05-06,http://dashboards.toastmasters.org/District.aspx?id=98
98,D,3,5742252,"Toastmasters Club of Zensar, Pune",5,0,3,0,3,0,8,,,2021-05-06,http://dashboards.toastmasters.org/District.aspx?id=98
98,D,3,5749190,BNY Mellon Technology Pune Toastmasters Club,11,0,6,7,13,0,24,,,2021-05-06,http://dashboards.toastmasters.org/District.aspx?id=98
98,D,3,6691907,"RISE Toastmasters Club, Magarpatta",14,0,20,22,42,0,56,P,,2021-05-06,http://dashboards.toastmasters.org/District.aspx?id=98
98,D,3,7327561,Teradata Pune Toastmasters Club,13,0,23,26,49,0,62,P,,2021-05-06,http://dashboards.toastmasters.org/District.aspx?id=98
98,D,3,7850267,Backpackers Toastmasters Club,9,0,0,26,26,18,53,P,Charter 01/26/21,2021-05-06,http://dashboards.toastmasters.org/District.aspx?id=98
98,D,4,1813871,ADP Pune Toastmasters,10,0,20,16,36,0,46,P,,2021-05-06,http://dashboards.toastmasters.org/District.aspx?id=98
98,D,4,6006628,Allstate Toastmasters Club Pune,8,0,12,10,22,0,30,,,2021-05-06,http://dashboards.toastmasters.org/District.aspx?id=98
98,D,4,6894572,Accenture Pune Toastmasters Club - Magarpatta,1,0,0,0,0,0,1,,,2021-05-06,http://dashboards.toastmasters.org/District.aspx?id=98
98,D,4,6958921,"Srujan Hindi Toastmasters Club, Pune",4,0,8,5,13,0,17,,,2021-05-06,http://dashboards.toastmasters.org/District.aspx?id=98
98,D,4,7780150,Wonders of Women Toastmasters Club,5,0,23,11,34,0,39,,,2021-05-06,http://dashboards.toastmasters.org/District.aspx?id=98
98,D,5,1543586,Toastmasters Club of Pune South East,21,0,38,34,72,0,93,P,,2021-05-06,http://dashboards.toastmasters.org/District.aspx?id=98
98,D,5,3499545,Toastmasters Club of Amdocs,0,0,0,0,0,0,0,, Susp 03/31/21,2021-05-06,http://dashboards.toastmasters.org/District.aspx?id=98
98,D,5,6783469,BNYMellon - Magarpatta,27,0,9,8,17,0,44,D,,2021-05-06,http://dashboards.toastmasters.org/District.aspx?id=98
98,D,5,7709645,E3 Ecolab Toastmasters Club,15,0,14,7,21,0,36,,,2021-05-06,http://dashboards.toastmasters.org/District.aspx?id=98
98,E,1,1272701,Elan Toastmasters Hyderabad,6,0,23,18,41,0,47,P,,2021-05-06,http://dashboards.toastmasters.org/District.aspx?id=98
98,E,1,1390103,Microsoft Hyderabad Toastmasters ,8,0,18,12,30,0,38,,,2021-05-06,http://dashboards.toastmasters.org/District.aspx?id=98
98,E,1,2694327,Toastmasters CBIT,12,2,2,6,10,0,22,,,2021-05-06,http://dashboards.toastmasters.org/District.aspx?id=98
98,E,1,3743725,Ben's Toastmasters,0,0,0,0,0,0,0,,,2021-05-06,http://dashboards.toastmasters.org/District.aspx?id=98
98,E,1,7799944,SLIC Toastmasters,13,0,20,29,49,20,82,P,Charter 08/14/20,2021-05-06,http://dashboards.toastmasters.org/District.aspx?id=98
98,E,1,7847230,Spoorthy Telugu Toastmasters,4,0,0,30,30,24,58,D,Charter 01/15/21,2021-05-06,http://dashboards.toastmasters.org/District.aspx?id=98
98,E,2,946002,Hyderabad Toastmasters,14,0,45,39,84,0,98,P,,2021-05-06,http://dashboards.toastmasters.org/District.aspx?id=98
98,E,2,1041988,Synopsys Hyderabad Toastmasters,5,0,12,15,27,0,32,,,2021-05-06,http://dashboards.toastmasters.org/District.aspx?id=98
98,E,2,4504233,Techmahindra Toastmasters Club (Infocity),7,0,9,7,16,0,23,,,2021-05-06,http://dashboards.toastmasters.org/District.aspx?id=98
98,E,2,6623002,TCS HYD Maitree Kohinoor Park Toastmasters Club,6,0,8,4,12,0,18,,,2021-05-06,http://dashboards.toastmasters.org/District.aspx?id=98
98,E,2,7533654,StoryDellers,2,0,11,8,19,0,21,,,2021-05-06,http://dashboards.toastmasters.org/District.aspx?id=98
98,E,2,7877640,TA Digital Toastmasters Club,0,0,0,22,22,22,44,,Charter 03/31/21,2021-05-06,http://dashboards.toastmasters.org/District.aspx?id=98
98,E,3,2660168,TCS Waverock Hyderabad Toastmasters,0,0,0,0,0,0,0,, Susp 03/31/21,2021-05-06,http://dashboards.toastmasters.org/District.aspx?id=98
98,E,3,2669965,"Infosys Toastmasters, Hyderabad Prakriti",12,0,11,12,23,0,35,,,2021-05-06,http://dashboards.toastmasters.org/District.aspx?id=98
98,E,3,3265856,Xilinx India Toastmasters Club,0,0,0,0,0,0,0,, Susp 03/31/21,2021-05-06,http://dashboards.toastmasters.org/District.aspx?id=98
98,E,3,6662202,TCS Maitree Adibatla Toastmasters Club,13,0,18,20,38,0,51,P,,2021-05-06,http://dashboards.toastmasters.org/District.aspx?id=98
98,E,3,7308980,ANURAG Toastmasters,22,0,8,3,11,0,33,S,,2021-05-06,http://dashboards.toastmasters.org/District.aspx?id=98
98,E,3,7681349,GH ReveRB,0,0,0,0,0,0,0,,,2021-05-06,http://dashboards.toastmasters.org/District.aspx?id=98
98,E,4,2221384,Invesco India Toastmasters Club,10,0,16,15,31,0,41,D,,2021-05-06,http://dashboards.toastmasters.org/District.aspx?id=98
98,E,4,4800980,Stagecoach Hyderabad Toastmasters,15,0,17,16,33,0,48,S,,2021-05-06,http://dashboards.toastmasters.org/District.aspx?id=98
98,E,4,7166006,SRIT Anantapur Toastmasters Club,0,0,0,0,0,0,0,, Susp 03/31/21,2021-05-06,http://dashboards.toastmasters.org/District.aspx?id=98
98,E,4,7709596,RG Titans,0,0,0,0,0,0,0,,,2021-05-06,http://dashboards.toastmasters.org/District.aspx?id=98
98,E,4,7833894,Toastmasters For Hyderabad Entrepreneurs,13,0,0,26,26,17,56,P,Charter 11/30/20,2021-05-06,http://dashboards.toastmasters.org/District.aspx?id=98
98,F,1,1431155,Broadridge Toastmasters Club,8,0,16,17,33,0,41,,,2021-05-06,http://dashboards.toastmasters.org/District.aspx?id=98
98,F,1,1530783,Madhapur Toastmasters,5,0,19,19,38,0,43,,,2021-05-06,http://dashboards.toastmasters.org/District.aspx?id=98
98,F,1,4731654,JPMC Hyderabad Toastmasters,5,0,11,9,20,0,25,,,2021-05-06,http://dashboards.toastmasters.org/District.aspx?id=98
98,F,1,6779917,Pega Toastmasters Club,4,0,4,0,4,0,8,,,2021-05-06,http://dashboards.toastmasters.org/District.aspx?id=98
98,F,1,7446896,Informatica iDiction Toastmasters Club,0,0,0,0,0,0,0,, Susp 03/31/21,2021-05-06,http://dashboards.toastmasters.org/District.aspx?id=98
98,F,2,1340464,TCS Maitree Hyderabad Toastmasters Club,2,0,13,8,21,0,23,,,2021-05-06,http://dashboards.toastmasters.org/District.aspx?id=98
98,F,2,1466666,ADP Hyderabad Toastmasters,15,0,22,22,44,0,59,P,,2021-05-06,http://dashboards.toastmasters.org/District.aspx?id=98
98,F,2,4040445,CMC Hyderabad,2,0,6,0,6,0,8,,,2021-05-06,http://dashboards.toastmasters.org/District.aspx?id=98
98,F,2,5030861,Roots Toastmasters,18,0,11,19,30,0,48,P,,2021-05-06,http://dashboards.toastmasters.org/District.aspx?id=98
98,F,3,2254770,Toastmasters at Novartis Hyderabad,15,0,22,17,39,0,54,D,,2021-05-06,http://dashboards.toastmasters.org/District.aspx?id=98
98,F,3,5957707,SYF Hyderabad Toastmasters Club,0,0,0,0,0,0,0,, Susp 03/31/21,2021-05-06,http://dashboards.toastmasters.org/District.aspx?id=98
98,F,3,7318924,Statestreet Hyd Toastmasters Club,4,30,28,19,77,0,81,,,2021-05-06,http://dashboards.toastmasters.org/District.aspx?id=98
98,F,3,7432531,RMSI Hyderabad Toastmasters Club,11,3,8,2,13,0,24,D,,2021-05-06,http://dashboards.toastmasters.org/District.aspx?id=98
98,F,4,3492833,Waltair Toastmasters Club,12,0,11,17,28,0,40,,,2021-05-06,http://dashboards.toastmasters.org/District.aspx?id=98
98,F,4,6943597,L&T Vizag Toastmasters Club,8,0,19,15,34,0,42,,,2021-05-06,http://dashboards.toastmasters.org/District.aspx?id=98
98,F,4,7402154,Pragati Toastmasters Club,40,0,11,13,24,0,64,S,,2021-05-06,http://dashboards.toastmasters.org/District.aspx?id=98
98,F,4,7657911,Kiet Toastmasters Club,13,0,20,11,31,20,64,S,Charter 08/10/20,2021-05-06,http://dashboards.toastmasters.org/District.aspx?id=98
98,F,4,7825838,GITAM Toastmasters Club,14,0,0,21,21,23,58,,Charter 10/13/20,2021-05-06,http://dashboards.toastmasters.org/District.aspx?id=98
98,G,1,991226,Vision Toastmasters (community Club),12,0,26,17,43,0,55,P,,2021-05-06,http://dashboards.toastmasters.org/District.aspx?id=98
98,G,1,2097754,Oracle Hyderabad Toastmasters,4,0,17,10,27,0,31,,,2021-05-06,http://dashboards.toastmasters.org/District.aspx?id=98
98,G,1,7171974,HRDC Toastmasters,5,0,13,7,20,0,25,,,2021-05-06,http://dashboards.toastmasters.org/District.aspx?id=98
98,G,1,7722776,CKM Toastmasters,8,0,7,4,11,0,19,,,2021-05-06,http://dashboards.toastmasters.org/District.aspx?id=98
98,G,1,7865258,Modak Toastmasters Club,0,0,0,21,21,19,40,,Charter 03/23/21,2021-05-06,http://dashboards.toastmasters.org/District.aspx?id=98
98,G,2,702390,Infosys Hyderabad Toastmasters Club (IHTMC),3,0,8,4,12,0,15,,,2021-05-06,http://dashboards.toastmasters.org/District.aspx?id=98
98,G,2,2247357,Virtusa Hyderabad Toastmasters Club,0,0,15,10,25,0,25,,,2021-05-06,http://dashboards.toastmasters.org/District.aspx?id=98
98,G,2,3216981,Toastmasters of Capgemini Hyderabad,0,0,0,0,0,0,0,,,2021-05-06,http://dashboards.toastmasters.org/District.aspx?id=98
98,G,2,4486936,Hitachi Consulting Toastmasters Club,6,0,9,5,14,0,20,,,2021-05-06,http://dashboards.toastmasters.org/District.aspx?id=98
98,G,3,5906439,Nizampet Toastmasters,7,0,25,17,42,0,49,,,2021-05-06,http://dashboards.toastmasters.org/District.aspx?id=98
98,G,3,6557404,BVRIT Hyderabad TM Club,21,0,12,11,23,0,44,D,,2021-05-06,http://dashboards.toastmasters.org/District.aspx?id=98
98,G,3,6563084,USP Orators,4,0,17,21,38,0,42,,,2021-05-06,http://dashboards.toastmasters.org/District.aspx?id=98
98,G,3,6945484,VJIM Toastmasters,34,0,9,15,24,0,58,,,2021-05-06,http://dashboards.toastmasters.org/District.aspx?id=98
98,G,3,7542047,BITS-H Toastmasters Club,6,0,0,22,22,20,48,D,Charter 01/01/21,2021-05-06,http://dashboards.toastmasters.org/District.aspx?id=98
98,G,4,1095031,Indian School of Business Toastmasters ,11,0,46,3,49,0,60,,,2021-05-06,http://dashboards.toastmasters.org/District.aspx?id=98
98,G,4,4637951,Xlrators-Miyapur,8,0,20,21,41,0,49,P,,2021-05-06,http://dashboards.toastmasters.org/District.aspx?id=98
98,G,4,5442547,Persistent Hyderbad,0,0,0,0,0,0,0,, Susp 03/31/21,2021-05-06,http://dashboards.toastmasters.org/District.aspx?id=98
98,G,4,7074267,AVEVA Toastmasters Club,13,0,14,14,28,0,41,,,2021-05-06,http://dashboards.toastmasters.org/District.aspx?id=98
98,G,4,7160333,HITAM Toastmasters Club,7,0,12,10,22,0,29,,,2021-05-06,http://dashboards.toastmasters.org/District.aspx?id=98
98,H,1,3123809,Secunderabad Toastmasters,21,0,28,25,53,0,74,P,,2021-05-06,http://dashboards.toastmasters.org/District.aspx?id=98
98,H,1,7440234,Cyient Toastmasters Club,21,0,9,23,32,0,53,D,,2021-05-06,http://dashboards.toastmasters.org/District.aspx?id=98
98,H,1,7454302,Dilsukhnagar Toastmasters,25,0,13,15,28,0,53,,,2021-05-06,http://dashboards.toastmasters.org/District.aspx?id=98
98,H,1,7701907,TechnipFMC Toastmasters,7,0,7,0,7,0,14,,,2021-05-06,http://dashboards.toastmasters.org/District.aspx?id=98
98,H,2,1534632,TCS Maitree Synergy Park Toastmasters Club,11,0,20,20,40,0,51,P,,2021-05-06,http://dashboards.toastmasters.org/District.aspx?id=98
98,H,2,6768787,Toastmasters@HighRadius,11,0,9,7,16,0,27,P,,2021-05-06,http://dashboards.toastmasters.org/District.aspx?id=98
98,H,2,6886129,NGA Hyderabad Toastmasters Club,20,0,7,13,20,0,40,S,,2021-05-06,http://dashboards.toastmasters.org/District.aspx?id=98
98,H,2,7537315,Zenith Toastmasters Club,1,0,5,0,5,0,6,,,2021-05-06,http://dashboards.toastmasters.org/District.aspx?id=98
98,H,2,7854456,Mehdipatnam Toastmasters Club,0,0,0,24,24,24,48,,Charter 02/11/21,2021-05-06,http://dashboards.toastmasters.org/District.aspx?id=98
98,H,3,1036431,Deloitte Hyderabad Toastmasters Club,15,0,18,18,36,0,51,P,,2021-05-06,http://dashboards.toastmasters.org/District.aspx?id=98
98,H,3,1937401,Golden Falcon Toastmasters,25,0,36,41,77,0,102,P,,2021-05-06,http://dashboards.toastmasters.org/District.aspx?id=98
98,H,3,3543283,Quest-Qualcomm's Enlightened Speakers of Tomorrow,5,0,12,9,21,0,26,,,2021-05-06,http://dashboards.toastmasters.org/District.aspx?id=98
98,H,3,4799292,CDK Hyderabad Toastmasters Club,6,0,15,17,32,0,38,,,2021-05-06,http://dashboards.toastmasters.org/District.aspx?id=98
98,H,3,5488272,Eager Beaver's Toastmasters Club,1,0,5,0,5,0,6,,,2021-05-06,http://dashboards.toastmasters.org/District.aspx?id=98
98,H,4,6887490,Guntur Toastmasters Club,24,0,16,16,32,0,56,P,,2021-05-06,http://dashboards.toastmasters.org/District.aspx?id=98
98,H,4,7160802,PSCMR Toastmasters Club,13,0,19,10,29,0,42,P,,2021-05-06,http://dashboards.toastmasters.org/District.aspx?id=98
98,H,4,7326699,SVECW Speech Weavers Toastmasters,15,0,24,18,42,0,57,P,,2021-05-06,http://dashboards.toastmasters.org/District.aspx?id=98
98,H,4,7327622,S.R.K.R. Toastmasters,0,0,4,0,4,0,4,,,2021-05-06,http://dashboards.toastmasters.org/District.aspx?id=98
98,H,4,7780796,KW's Silver Tongue Toastmasters Club,10,0,20,25,45,20,75,S,Charter 08/07/20,2021-05-06,http://dashboards.toastmasters.org/District.aspx?id=98
98,J,1,6062133,Diamond City Toastmasters Club,16,0,20,19,39,0,55,S,,2021-05-06,http://dashboards.toastmasters.org/District.aspx?id=98
98,J,1,7164888,Mount Carmel Toastmasters Club,5,0,25,12,37,0,42,,,2021-05-06,http://dashboards.toastmasters.org/District.aspx?id=98
98,J,1,7782447,Dahej Orators Toastmasters Club,5,0,10,5,15,0,20,,,2021-05-06,http://dashboards.toastmasters.org/District.aspx?id=98
98,J,2,5689336,RG Speakers Toastmasters Club,9,0,52,36,88,0,97,P,,2021-05-06,http://dashboards.toastmasters.org/District.aspx?id=98
98,J,2,7185923,RG Orators Toastmasters Club,13,0,27,22,49,0,62,P,,2021-05-06,http://dashboards.toastmasters.org/District.aspx?id=98
98,J,2,7244872,RIL JMD Speakers Toastmasters Club,15,0,37,0,37,0,52,,,2021-05-06,http://dashboards.toastmasters.org/District.aspx?id=98
98,J,2,7594745,Jamnagar Toastmasters Club,0,0,0,0,0,0,0,, Susp 03/31/21,2021-05-06,http://dashboards.toastmasters.org/District.aspx?id=98
98,J,3,7169553,RG Doyens,14,0,33,38,71,0,85,P,,2021-05-06,http://dashboards.toastmasters.org/District.aspx?id=98
98,J,3,7182855,RG KDAV Speakers Toastmasters Club,6,0,14,1,15,0,21,,,2021-05-06,http://dashboards.toastmasters.org/District.aspx?id=98
98,J,3,7403659,Rajkot Toastmasters Club,8,0,11,8,19,0,27,,,2021-05-06,http://dashboards.toastmasters.org/District.aspx?id=98
98,M,1,1246728,Mulund Toastmasters Club,25,0,60,49,109,0,134,P,,2021-05-06,http://dashboards.toastmasters.org/District.aspx?id=98
98,M,1,6881120,UBS Mumbai Toastmasters Club,21,0,12,16,28,0,49,,,2021-05-06,http://dashboards.toastmasters.org/District.aspx?id=98
98,M,1,7753761,Speakathon Kalwa Toastmasters,8,0,21,17,38,0,46,D,,2021-05-06,http://dashboards.toastmasters.org/District.aspx?id=98
98,M,1,7861024,Readers and Debaters Toastmasters Club,3,0,0,21,21,13,37,,Charter 03/01/21,2021-05-06,http://dashboards.toastmasters.org/District.aspx?id=98
98,M,2,4899367,RIL Toastmasters Club,24,0,69,64,133,0,157,P,,2021-05-06,http://dashboards.toastmasters.org/District.aspx?id=98
98,M,2,5748839,Somaiya Toastmasters Club,26,0,7,18,25,0,51,S,,2021-05-06,http://dashboards.toastmasters.org/District.aspx?id=98
98,M,2,6770016,Palava Toastmasters Club,14,0,21,21,42,0,56,P,,2021-05-06,http://dashboards.toastmasters.org/District.aspx?id=98
98,M,2,7289546,Expedition Toastmasters Mumbai,10,0,9,12,21,0,31,D,,2021-05-06,http://dashboards.toastmasters.org/District.aspx?id=98
98,M,3,2017422,Thane Toastmasters Club,24,0,46,26,72,0,96,P,,2021-05-06,http://dashboards.toastmasters.org/District.aspx?id=98
98,M,3,3301510,AEMA Toastmasters,0,0,0,0,0,0,0,, Susp 08/29/20,2021-05-06,http://dashboards.toastmasters.org/District.aspx?id=98
98,M,3,6592002,Ghodbunder Toastmasters Club,27,0,34,41,75,0,102,P,,2021-05-06,http://dashboards.toastmasters.org/District.aspx?id=98
98,M,3,7571457,GEP Toastmasters Club,34,0,20,25,45,0,79,D,,2021-05-06,http://dashboards.toastmasters.org/District.aspx?id=98
98,M,3,7798485,Airoli Bilingual Toastmasters Club,8,0,21,17,38,17,63,P,Charter 08/08/20,2021-05-06,http://dashboards.toastmasters.org/District.aspx?id=98
98,M,3,7849406,Worley India Toastmasters Harmony,0,0,0,35,35,35,70,,Charter 01/12/21,2021-05-06,http://dashboards.toastmasters.org/District.aspx?id=98
98,M,4,2380536,Agnel Toastmasters Club,28,0,34,25,59,0,87,P,,2021-05-06,http://dashboards.toastmasters.org/District.aspx?id=98
98,M,4,5116082,Capgemini Mumbai Toastmasters Club,10,0,26,16,42,0,52,P,,2021-05-06,http://dashboards.toastmasters.org/District.aspx?id=98
98,M,4,7065737,WNS Mumbai,0,0,0,0,0,0,0,, Susp 10/01/20,2021-05-06,http://dashboards.toastmasters.org/District.aspx?id=98
98,M,4,7106853,MTC Advanced Club,0,0,0,0,0,0,0,,,2021-05-06,http://dashboards.toastmasters.org/District.aspx?id=98
98,M,5,6651953,Mastek Toastmasters Club,2,5,10,0,15,0,17,,,2021-05-06,http://dashboards.toastmasters.org/District.aspx?id=98
98,M,5,7231185,Kharghar Toastmasters Club,22,0,27,26,53,0,75,P,,2021-05-06,http://dashboards.toastmasters.org/District.aspx?id=98
98,M,5,7697954,Majesco Mahape,0,0,0,0,0,0,0,, Susp 03/31/21,2021-05-06,http://dashboards.toastmasters.org/District.aspx?id=98
98,M,5,7763127,NMD Toastmasters Club,0,0,41,15,56,0,56,,,2021-05-06,http://dashboards.toastmasters.org/District.aspx?id=98
98,M,5,7842156,Worley India Toastmasters Synergy,6,0,0,41,41,35,82,P,Charter 01/15/21,2021-05-06,http://dashboards.toastmasters.org/District.aspx?id=98
98,M,5,7849707,Speakers Community Toastmasters Club,4,0,0,25,25,21,50,D,Charter 01/28/21,2021-05-06,http://dashboards.toastmasters.org/District.aspx?id=98
98,N,1,992223,Raisoni Institute's Diamond Toastmasters Club,31,0,17,8,25,0,56,P,,2021-05-06,http://dashboards.toastmasters.org/District.aspx?id=98
98,N,1,5757009,IIM Nagpur Toastmasters Club,40,2,28,6,36,0,76,,,2021-05-06,http://dashboards.toastmasters.org/District.aspx?id=98
98,N,1,5893739,TCS Nagpur Toastmasters Club,13,0,20,21,41,0,54,P,,2021-05-06,http://dashboards.toastmasters.org/District.aspx?id=98
98,N,1,7735020,Loyal Toastmasters Club,14,0,16,20,36,0,50,S,,2021-05-06,http://dashboards.toastmasters.org/District.aspx?id=98
98,N,2,992337,Raisoni Institute's Emerald Toastmasters Club,31,0,17,7,24,0,55,P,,2021-05-06,http://dashboards.toastmasters.org/District.aspx?id=98
98,N,2,5762025,IMT Nagpur Toastmasters Club,10,0,4,8,12,0,22,,,2021-05-06,http://dashboards.toastmasters.org/District.aspx?id=98
98,N,2,7073592,Gurukul.Education Toastmasters Club,10,0,19,16,35,0,45,,,2021-05-06,http://dashboards.toastmasters.org/District.aspx?id=98
98,N,2,7811085,InfoCepts Toastmasters Club,6,0,22,13,35,21,62,,Charter 09/09/20,2021-05-06,http://dashboards.toastmasters.org/District.aspx?id=98
98,N,3,3531688,Nagpur Toastmasters Club,11,0,23,20,43,0,54,P,,2021-05-06,http://dashboards.toastmasters.org/District.aspx?id=98
98,N,3,7289583,BRIO Toastmasters Club,26,0,3,12,15,0,41,S,,2021-05-06,http://dashboards.toastmasters.org/District.aspx?id=98
98,N,3,7447795,Toastmasters @ Persistent Nagpur,0,0,4,0,4,0,4,,,2021-05-06,http://dashboards.toastmasters.org/District.aspx?id=98
98,N,3,7825941,YCCE Verbalisers Toastmasters Club,0,0,0,20,20,20,40,,Charter 03/01/21,2021-05-06,http://dashboards.toastmasters.org/District.aspx?id=98
98,N,4,5742286,Provakta Toastmasters Club of IIM Raipur,18,0,3,13,16,0,34,D,,2021-05-06,http://dashboards.toastmasters.org/District.aspx?id=98
98,N,4,7185394,SSIPMT Spellbinders,11,0,24,19,43,0,54,P,,2021-05-06,http://dashboards.toastmasters.org/District.aspx?id=98
98,N,4,7429657,Rungta Toastmasters Club,16,3,3,3,9,0,25,,,2021-05-06,http://dashboards.toastmasters.org/District.aspx?id=98
98,O,1,6539289,UBS Pune Toastmasters Club,8,0,20,21,41,0,49,,,2021-05-06,http://dashboards.toastmasters.org/District.aspx?id=98
98,O,1,6592020,Deutsche Bank Pune Toastmasters Club,5,0,9,7,16,0,21,,,2021-05-06,http://dashboards.toastmasters.org/District.aspx?id=98
98,O,1,7448369,Toastmasters for Pune Entrepreneurs 2.0,12,0,24,22,46,0,58,P,,2021-05-06,http://dashboards.toastmasters.org/District.aspx?id=98
98,O,2,2571105,Opulent Toastmasters Club Of Pune Camp,11,0,13,12,25,0,36,,,2021-05-06,http://dashboards.toastmasters.org/District.aspx?id=98
98,O,2,5404212,CDK Pune Toastmasters,0,0,0,0,0,0,0,, Susp 03/31/21,2021-05-06,http://dashboards.toastmasters.org/District.aspx?id=98
98,O,2,6716037,Aurangabad Toastmasters,10,0,16,11,27,0,37,,,2021-05-06,http://dashboards.toastmasters.org/District.aspx?id=98
98,O,2,7757012,Toastmasters Club of BMC Software Customer Success,9,0,27,24,51,0,60,S,,2021-05-06,http://dashboards.toastmasters.org/District.aspx?id=98
98,O,2,7870960,Mastering Leadership TMC,0,0,0,25,25,25,50,,Charter 03/22/21,2021-05-06,http://dashboards.toastmasters.org/District.aspx?id=98
98,O,3,1764192,The Orators Toastmasters Club,0,0,0,0,0,0,0,, Susp 03/31/21,2021-05-06,http://dashboards.toastmasters.org/District.aspx?id=98
98,O,3,5027867,Tietoevry Toastmasters Club,3,0,24,20,44,0,47,S,,2021-05-06,http://dashboards.toastmasters.org/District.aspx?id=98
98,O,3,6642875,Toastmasters Club of Pune South,17,0,18,22,40,0,57,P,,2021-05-06,http://dashboards.toastmasters.org/District.aspx?id=98
98,O,3,6885728,SgAs Toastmasters Club,14,0,18,20,38,0,52,,,2021-05-06,http://dashboards.toastmasters.org/District.aspx?id=98
98,O,3,7215018,Schlumberger Toastmasters Club of Pune,0,0,0,0,0,0,0,, Susp 03/31/21,2021-05-06,http://dashboards.toastmasters.org/District.aspx?id=98
98,O,3,7860776,Cadence Sparkling Toastmasters Club,0,0,0,22,22,22,44,,Charter 03/26/21,2021-05-06,http://dashboards.toastmasters.org/District.aspx?id=98
98,O,4,2150212,TSYS Pune Toastmasters Club,9,0,7,11,18,0,27,D,,2021-05-06,http://dashboards.toastmasters.org/District.aspx?id=98
98,O,4,2973814,Toastmasters Club of Pune - North East,21,0,25,18,43,0,64,P,,2021-05-06,http://dashboards.toastmasters.org/District.aspx?id=98
98,O,4,3700901,Toastmasters Club of BMC Software,7,0,14,13,27,0,34,,,2021-05-06,http://dashboards.toastmasters.org/District.aspx?id=98
98,O,4,6783455,BNY Mellon - Pune Commerzone,19,0,10,9,19,0,38,,,2021-05-06,http://dashboards.toastmasters.org/District.aspx?id=98
98,O,4,7850062,STL Toastmaster Club,0,0,0,24,24,24,48,,Charter 02/08/21,2021-05-06,http://dashboards.toastmasters.org/District.aspx?id=98
98,P,1,1141787,Toastmasters Club of Pune,27,0,42,32,74,0,101,P,,2021-05-06,http://dashboards.toastmasters.org/District.aspx?id=98
98,P,1,5979643,e-Zest Toastmasters Club,26,0,16,10,26,0,52,P,,2021-05-06,http://dashboards.toastmasters.org/District.aspx?id=98
98,P,1,6879034,Adient Toastmasters Club of Pune,0,0,0,0,0,0,0,, Susp 03/31/21,2021-05-06,http://dashboards.toastmasters.org/District.aspx?id=98
98,P,1,7470706,Pune Marathi Toastmasters Club,9,0,17,13,30,0,39,,,2021-05-06,http://dashboards.toastmasters.org/District.aspx?id=98
98,P,1,7843205,Kolhapur Toastmasters Club,0,0,0,20,20,18,38,,Charter 03/30/21,2021-05-06,http://dashboards.toastmasters.org/District.aspx?id=98
98,P,1,7870821,Druva Toastmasters Club,0,0,0,32,32,32,64,,Charter 03/26/21,2021-05-06,http://dashboards.toastmasters.org/District.aspx?id=98
98,P,2,1534609,Toastmasters Club of Pune-West,26,0,26,24,50,0,76,P,,2021-05-06,http://dashboards.toastmasters.org/District.aspx?id=98
98,P,2,5970302,Cummins Pune Toastmasters Club,6,0,14,14,28,0,34,,,2021-05-06,http://dashboards.toastmasters.org/District.aspx?id=98
98,P,2,6643694,Persistent Pune ArPg Toastmasters,0,0,0,0,0,0,0,, Susp 03/31/21,2021-05-06,http://dashboards.toastmasters.org/District.aspx?id=98
98,P,2,6974223,Sinhgad Toastmasters Club,16,0,21,16,37,0,53,,,2021-05-06,http://dashboards.toastmasters.org/District.aspx?id=98
98,P,3,2541278,Toastmasters Club Of Pune-Central,12,1,21,14,36,0,48,,,2021-05-06,http://dashboards.toastmasters.org/District.aspx?id=98
98,P,3,5922621,Mindtree Pune Toastmasters Club,0,0,0,0,0,0,0,, Susp 03/31/21,2021-05-06,http://dashboards.toastmasters.org/District.aspx?id=98
98,P,3,6643699,Persistent Pune Hinjewadi Toastmasters,3,0,7,1,8,0,11,,,2021-05-06,http://dashboards.toastmasters.org/District.aspx?id=98
98,P,3,7669989,CRISIL Pune Toastmasters Club,21,0,4,3,7,0,28,,,2021-05-06,http://dashboards.toastmasters.org/District.aspx?id=98
98,P,3,7771017,Fintree Toastmasters Club For Finance Professionals,6,0,17,9,26,0,32,,,2021-05-06,http://dashboards.toastmasters.org/District.aspx?id=98
98,P,3,7811400,Rainbow Toastmasters Club,7,0,0,18,18,25,50,,Charter 10/11/20,2021-05-06,http://dashboards.toastmasters.org/District.aspx?id=98
98,P,4,5294613,Pune Advanced Toastmasters Club,11,0,24,25,49,0,60,P,,2021-05-06,http://dashboards.toastmasters.org/District.aspx?id=98
98,P,4,5820914,Accenture Pune Toastmasters Club,8,0,4,7,11,0,19,,,2021-05-06,http://dashboards.toastmasters.org/District.aspx?id=98
98,P,4,6941712,Toastmasters Club of Nashik,15,0,14,8,22,0,37,,,2021-05-06,http://dashboards.toastmasters.org/District.aspx?id=98
98,P,4,7434850,Atlas Copco Gecia Toastmasters Club,22,0,26,8,34,0,56,D,,2021-05-06,http://dashboards.toastmasters.org/District.aspx?id=98
98,P,5,5163301,Deccan Toastmasters Club,12,0,45,40,85,0,97,P,,2021-05-06,http://dashboards.toastmasters.org/District.aspx?id=98
98,P,5,6641278,3DS Pune Toastmasters Club,12,0,19,20,39,0,51,P,,2021-05-06,http://dashboards.toastmasters.org/District.aspx?id=98
98,P,5,7401244,Katerra Toastmasters Club of Pune,0,0,0,0,0,0,0,, Susp 03/31/21,2021-05-06,http://dashboards.toastmasters.org/District.aspx?id=98
98,P,5,7711836,Cisco Eloquence Toastmasters Club,2,0,9,8,17,0,19,,,2021-05-06,http://dashboards.toastmasters.org/District.aspx?id=98
98,P,5,7798218,Toastmasters for Pune Entrepreneurs 3.0,13,0,20,19,39,15,67,P,Charter 07/14/20,2021-05-06,http://dashboards.toastmasters.org/District.aspx?id=98
98,S,1,5843297,Mahindra Worli Toastmasters,0,0,1,0,1,0,1,,,2021-05-06,http://dashboards.toastmasters.org/District.aspx?id=98
98,S,1,7065798,Sobo Toastmasters,11,0,33,25,58,0,69,S,,2021-05-06,http://dashboards.toastmasters.org/District.aspx?id=98
98,S,1,7675957,SBI Corporate Centre Toastmasters Club,0,0,0,0,0,0,0,, Susp 03/31/21,2021-05-06,http://dashboards.toastmasters.org/District.aspx?id=98
98,S,1,7702926,Transunion Mumbai Toastmasters,0,0,0,0,0,0,0,,,2021-05-06,http://dashboards.toastmasters.org/District.aspx?id=98
98,S,1,7774241,Evergreen Toastmasters Club,0,0,0,8,8,21,29,,Charter 10/19/20,2021-05-06,http://dashboards.toastmasters.org/District.aspx?id=98
98,S,1,7874066,All Elite Advanced Toastmasters Club,2,0,0,20,20,18,40,,Charter 03/17/21,2021-05-06,http://dashboards.toastmasters.org/District.aspx?id=98
98,S,2,993448,Mumbai Toastmasters,61,0,65,58,123,0,184,P,,2021-05-06,http://dashboards.toastmasters.org/District.aspx?id=98
98,S,2,7290320,UPL Toastmasters Club,6,0,11,9,20,0,26,,,2021-05-06,http://dashboards.toastmasters.org/District.aspx?id=98
98,S,2,7655880,GIA Toastmaster - India,1,0,24,7,31,24,56,,Charter 08/01/20,2021-05-06,http://dashboards.toastmasters.org/District.aspx?id=98
98,S,2,7700494,CIPLA Toastmasters,23,0,21,20,41,0,64,D,,2021-05-06,http://dashboards.toastmasters.org/District.aspx?id=98
98,S,3,3217489,DADAR Toastmasters Club,14,0,17,19,36,0,50,P,,2021-05-06,http://dashboards.toastmasters.org/District.aspx?id=98
98,S,3,5105254,Stellar Toastmasters Club,5,0,10,9,19,0,24,,,2021-05-06,http://dashboards.toastmasters.org/District.aspx?id=98
98,S,3,7709516,Acuris Mumbai Toastmasters,12,0,7,8,15,0,27,,,2021-05-06,http://dashboards.toastmasters.org/District.aspx?id=98
98,S,3,7828863,Toastmasters United,2,0,0,15,15,20,37,D,Charter 11/19/20,2021-05-06,http://dashboards.toastmasters.org/District.aspx?id=98
98,S,3,7829534,Toastmasters Club For Mumbai CAs,5,0,0,8,8,21,34,,Charter 10/22/20,2021-05-06,http://dashboards.toastmasters.org/District.aspx?id=98
98,S,3,7861075,Hindalco Toastmasters Club,0,0,0,43,43,43,86,,Charter 03/08/21,2021-05-06,http://dashboards.toastmasters.org/District.aspx?id=98
98,S,4,616631,TCS Maitree Toastmasters Club,44,0,32,49,81,0,125,P,,2021-05-06,http://dashboards.toastmasters.org/District.aspx?id=98
98,S,4,6886479,BKC Fireflies Toastmasters,13,1,17,18,36,0,49,D,,2021-05-06,http://dashboards.toastmasters.org/District.aspx?id=98
98,S,4,6926213,CGI Mumbai,0,0,0,0,0,0,0,,,2021-05-06,http://dashboards.toastmasters.org/District.aspx?id=98
98,S,4,7749915,"L&T Toastmasters Club, Powai Chapter",18,0,26,11,37,0,55,S,,2021-05-06,http://dashboards.toastmasters.org/District.aspx?id=98
98,S,4,7833944,Marico Toastmasters,0,0,0,35,35,35,70,,Charter 02/10/21,2021-05-06,http://dashboards.toastmasters.org/District.aspx?id=98
98,S,5,6778709,HUL - R&D,0,0,0,0,0,0,0,, Susp 03/31/21,2021-05-06,http://dashboards.toastmasters.org/District.aspx?id=98
98,S,5,7434194,UltraTech Toastmasters Club,5,0,8,8,16,0,21,,,2021-05-06,http://dashboards.toastmasters.org/District.aspx?id=98
98,S,5,7549134,Andheri Orators Toastmasters,23,0,23,21,44,0,67,P,,2021-05-06,http://dashboards.toastmasters.org/District.aspx?id=98
98,S,5,7677706,Santacruz Speakers Toastmasters Club,12,0,21,20,41,0,53,P,,2021-05-06,http://dashboards.toastmasters.org/District.aspx?id=98
98,S,5,7807819,The Talking Tree,0,0,0,8,8,26,34,,Charter 10/28/20,2021-05-06,http://dashboards.toastmasters.org/District.aspx?id=98
98,W,1,1214543,GOA YMCA Toastmasters Club,0,0,13,13,26,0,26,,,2021-05-06,http://dashboards.toastmasters.org/District.aspx?id=98
98,W,1,4361333,Mapusa Toastmasters,11,0,13,11,24,0,35,,,2021-05-06,http://dashboards.toastmasters.org/District.aspx?id=98
98,W,1,6941455,Tangentia Toastmasters,19,0,5,15,20,0,39,D,,2021-05-06,http://dashboards.toastmasters.org/District.aspx?id=98
98,W,1,7441712,Siemens Goa Toastmasters Club,6,0,15,7,22,0,28,,,2021-05-06,http://dashboards.toastmasters.org/District.aspx?id=98
98,W,1,7783728,Ponda Toastmasters Club,3,0,10,8,18,16,37,,Charter 09/15/20,2021-05-06,http://dashboards.toastmasters.org/District.aspx?id=98
98,W,2,2575847,Toastmasters International Margao,2,0,13,8,21,0,23,,,2021-05-06,http://dashboards.toastmasters.org/District.aspx?id=98
98,W,2,3214306,International Centre GOA (ICG) Toastmasters Club,16,0,27,29,56,0,72,P,,2021-05-06,http://dashboards.toastmasters.org/District.aspx?id=98
98,W,2,6656843,Ana Fonte Toastmasters Club,10,0,14,15,29,0,39,,,2021-05-06,http://dashboards.toastmasters.org/District.aspx?id=98
98,W,2,7708785,Teva Goa Toastmasters Club,21,0,8,2,10,0,31,,,2021-05-06,http://dashboards.toastmasters.org/District.aspx?id=98
98,W,2,7783722,Vasco Toastmasters Club,7,0,21,20,41,17,65,D,Charter 08/07/20,2021-05-06,http://dashboards.toastmasters.org/District.aspx?id=98
98,W,3,5094604,Citi eXpressions Toastmasters Club,6,0,14,9,23,0,29,,,2021-05-06,http://dashboards.toastmasters.org/District.aspx?id=98
98,W,3,6090346,Toastmasters Club of Allscripts Pune,17,0,12,11,23,0,40,P,,2021-05-06,http://dashboards.toastmasters.org/District.aspx?id=98
98,W,3,7084394,Impressions Toastmasters,16,0,11,15,26,0,42,D,,2021-05-06,http://dashboards.toastmasters.org/District.aspx?id=98
98,W,3,7300474,Kharadi Toastmasters Club,16,0,23,20,43,0,59,P,,2021-05-06,http://dashboards.toastmasters.org/District.aspx?id=98
98,W,4,1114159,Eaton Toastmasters Club,25,0,8,8,16,0,41,D,,2021-05-06,http://dashboards.toastmasters.org/District.aspx?id=98
98,W,4,6746425,NT India Pune Toastmasters Club,29,0,6,8,14,0,43,D,,2021-05-06,http://dashboards.toastmasters.org/District.aspx?id=98
98,W,4,7166870,PTC Marisoft Toastmasters Club,18,0,12,12,24,0,42,S,,2021-05-06,http://dashboards.toastmasters.org/District.aspx?id=98
98,W,4,7616576,Majesco Pune Toastmasters Club,0,0,0,0,0,0,0,,,2021-05-06,http://dashboards.toastmasters.org/District.aspx?id=98
98,W,4,7856700,EHI Toastmasters Club,0,0,0,24,24,24,48,,Charter 01/29/21,2021-05-06,http://dashboards.toastmasters.org/District.aspx?id=98
Month of Apr, As of 05/05/2021,2021-04-22,http://dashboards.toastmasters.org/District.aspx?id=98,,,,,,,,,,,,
