District,Division,Area,Club,Club Name,October Renewals,April Renewals,Nov Visit award,May Visit award,Membership to date,Club Goals Met,Distinguished Club,Area Club Base,Area Paid Club Goal for Dist.,Area Paid Club Goal for Select Dist.,Area Paid Club Goal for Pres. Dist.,Total Paid Area Clubs,Area Dist. Club Goal for Dist.,Area Dist. Club Goal for Select Dist.,Area Dist. Club Goal for Pres. Dist.,Total Dist. Area Clubs,Distinguished Area,Division Club Base,Division Paid Club Goal for Dist.,Division Paid Club Goal for Select Dist.,Division Paid Club Goal for Pres. Dist.,Total Paid Division Clubs,Division Dist. Club Goal for Dist.,Division Dist. Club Goal for Select Dist.,Division Dist. Club Goal for Pres. Dist.,Total Dist. Division Clubs,Distinguished Division,Charter Date/Suspend Date,date,link
98,A,01,06062133,Diamond City Toastmasters Club,1,1,1,1,14,8,,3,3,3,4,2,2,3,3,0,,17,17,17,18,15,7,8,9,4,,,2022-06-08,http://dashboards.toastmasters.org/District.aspx?id=98
98,A,01,07164888,Mount Carmel Toastmasters Club,1,1,1,1,14,10,,3,3,3,4,2,2,3,3,0,,17,17,17,18,15,7,8,9,4,,,2022-06-08,http://dashboards.toastmasters.org/District.aspx?id=98
98,A,01,07782447,Dahej Orators Toastmasters Club,1,0,1,1,5,6,,3,3,3,4,2,2,3,3,0,,17,17,17,18,15,7,8,9,4,,,2022-06-08,http://dashboards.toastmasters.org/District.aspx?id=98
98,A,02,05306488,Vadodara Toastmasters Club,1,1,1,1,36,10,P,5,5,5,6,5,3,4,4,2,,17,17,17,18,15,7,8,9,4,,,2022-06-08,http://dashboards.toastmasters.org/District.aspx?id=98
98,A,02,06090393,Toastmasters Club of Allscripts Vadodara,1,0,1,1,0,3,,5,5,5,6,5,3,4,4,2,,17,17,17,18,15,7,8,9,4,,,2022-06-08,http://dashboards.toastmasters.org/District.aspx?id=98
98,A,02,06886272,Toastmasters Club of Baroda (TCB),1,1,1,1,20,8,S,5,5,5,6,5,3,4,4,2,,17,17,17,18,15,7,8,9,4,,,2022-06-08,http://dashboards.toastmasters.org/District.aspx?id=98
98,A,02,07842705,Vatt Thi Gujarati Toastmasters Club,1,1,1,1,8,2,,5,5,5,6,5,3,4,4,2,,17,17,17,18,15,7,8,9,4,,,2022-06-08,http://dashboards.toastmasters.org/District.aspx?id=98
98,A,02,07854559,Investis Digital India,1,1,1,1,8,2,,5,5,5,6,5,3,4,4,2,,17,17,17,18,15,7,8,9,4,,,2022-06-08,http://dashboards.toastmasters.org/District.aspx?id=98
98,A,02,07980405,Mastercard Power Speakers TMCV,0,1,0,1,20,2,,5,5,5,6,5,3,4,4,2,,17,17,17,18,15,7,8,9,4,,Charter 03/02/22,2022-06-08,http://dashboards.toastmasters.org/District.aspx?id=98
98,A,03,02180628,Swami Vivekanand Toastmasters Club,1,1,1,1,8,10,,4,4,4,5,3,2,3,3,0,,17,17,17,18,15,7,8,9,4,,,2022-06-08,http://dashboards.toastmasters.org/District.aspx?id=98
98,A,03,02621397,ISC Bhopal Toastmasters International Club,0,0,1,1,0,0,,4,4,4,5,3,2,3,3,0,,17,17,17,18,15,7,8,9,4,, Susp 03/31/22,2022-06-08,http://dashboards.toastmasters.org/District.aspx?id=98
98,A,03,07240051,Bhopal Toastmasters Club,1,1,1,1,10,8,,4,4,4,5,3,2,3,3,0,,17,17,17,18,15,7,8,9,4,,,2022-06-08,http://dashboards.toastmasters.org/District.aspx?id=98
98,A,03,07525513,Samvaad Toastmasters Club,0,0,1,1,0,1,,4,4,4,5,3,2,3,3,0,,17,17,17,18,15,7,8,9,4,, Susp 10/18/21,2022-06-08,http://dashboards.toastmasters.org/District.aspx?id=98
98,A,03,07993491,Charismatic Speakers Toastmasters Club,0,0,0,1,19,2,,4,4,4,5,3,2,3,3,0,,17,17,17,18,15,7,8,9,4,,Charter 04/01/22,2022-06-08,http://dashboards.toastmasters.org/District.aspx?id=98
98,A,04,02587096,Transcendence,1,1,1,1,23,10,P,5,5,5,6,5,3,4,4,2,,17,17,17,18,15,7,8,9,4,,,2022-06-08,http://dashboards.toastmasters.org/District.aspx?id=98
98,A,04,06692382,Impact Toastmasters Club,1,1,1,1,17,7,,5,5,5,6,5,3,4,4,2,,17,17,17,18,15,7,8,9,4,,,2022-06-08,http://dashboards.toastmasters.org/District.aspx?id=98
98,A,04,06977979,TCS Maitree Toastmasters Club Indore,1,1,1,1,23,10,P,5,5,5,6,5,3,4,4,2,,17,17,17,18,15,7,8,9,4,,,2022-06-08,http://dashboards.toastmasters.org/District.aspx?id=98
98,A,04,07235362,Avantika Toastmasters Club,1,0,1,1,0,7,,5,5,5,6,5,3,4,4,2,,17,17,17,18,15,7,8,9,4,,,2022-06-08,http://dashboards.toastmasters.org/District.aspx?id=98
98,A,04,07806306,InfoBeans Toastmasters Club,1,1,1,1,24,4,,5,5,5,6,5,3,4,4,2,,17,17,17,18,15,7,8,9,4,,,2022-06-08,http://dashboards.toastmasters.org/District.aspx?id=98
98,A,04,07989174,Infynite Leadership Toastmasters Club,0,0,0,1,22,2,,5,5,5,6,5,3,4,4,2,,17,17,17,18,15,7,8,9,4,,Charter 04/02/22,2022-06-08,http://dashboards.toastmasters.org/District.aspx?id=98
98,B,01,01135184,Bombay Toastmasters,1,1,1,1,32,10,P,5,5,5,6,5,3,4,4,2,,18,18,18,19,17,8,9,9,9,,,2022-06-08,http://dashboards.toastmasters.org/District.aspx?id=98
98,B,01,04297290,NMIMS Mumbai Toastmasters Club (NMTC),1,1,1,1,13,9,,5,5,5,6,5,3,4,4,2,,18,18,18,19,17,8,9,9,9,,,2022-06-08,http://dashboards.toastmasters.org/District.aspx?id=98
98,B,01,07770358,Leaders Connect Toastmasters Club,1,1,1,1,42,9,P,5,5,5,6,5,3,4,4,2,,18,18,18,19,17,8,9,9,9,,,2022-06-08,http://dashboards.toastmasters.org/District.aspx?id=98
98,B,01,07851177,Maven,1,1,1,1,8,4,,5,5,5,6,5,3,4,4,2,,18,18,18,19,17,8,9,9,9,,,2022-06-08,http://dashboards.toastmasters.org/District.aspx?id=98
98,B,01,07877720,Mumbai Orators Toastmasters Club,1,1,1,1,18,10,,5,5,5,6,5,3,4,4,2,,18,18,18,19,17,8,9,9,9,,,2022-06-08,http://dashboards.toastmasters.org/District.aspx?id=98
98,B,02,02854357,Eminent Toastmasters Club,1,1,1,1,25,9,P,4,4,4,5,5,2,3,3,3,President's Distinguished,18,18,18,19,17,8,9,9,9,,,2022-06-08,http://dashboards.toastmasters.org/District.aspx?id=98
98,B,02,05235362,DB Mumbai Toastmasters Club,1,1,1,1,17,3,,4,4,4,5,5,2,3,3,3,President's Distinguished,18,18,18,19,17,8,9,9,9,,,2022-06-08,http://dashboards.toastmasters.org/District.aspx?id=98
98,B,02,07770363,Articulators,1,1,1,1,47,9,P,4,4,4,5,5,2,3,3,3,President's Distinguished,18,18,18,19,17,8,9,9,9,,,2022-06-08,http://dashboards.toastmasters.org/District.aspx?id=98
98,B,02,07828863,Toastmasters United,1,1,1,1,12,4,,4,4,4,5,5,2,3,3,3,President's Distinguished,18,18,18,19,17,8,9,9,9,,,2022-06-08,http://dashboards.toastmasters.org/District.aspx?id=98
98,B,02,07946644,Ctzen Online Toastmasters Club,0,1,1,1,21,5,D,4,4,4,5,5,2,3,3,3,President's Distinguished,18,18,18,19,17,8,9,9,9,,Charter 10/10/21,2022-06-08,http://dashboards.toastmasters.org/District.aspx?id=98
98,B,03,01447379,Mahindra Toastmasters Club,0,0,1,0,0,0,,5,5,5,6,3,3,4,4,2,,18,18,18,19,17,8,9,9,9,, Susp 03/31/22,2022-06-08,http://dashboards.toastmasters.org/District.aspx?id=98
98,B,03,02543055,Tech Talkers,1,1,1,1,56,10,P,5,5,5,6,3,3,4,4,2,,18,18,18,19,17,8,9,9,9,,,2022-06-08,http://dashboards.toastmasters.org/District.aspx?id=98
98,B,03,04002291,Oracle Mumbai,0,0,1,0,0,0,,5,5,5,6,3,3,4,4,2,,18,18,18,19,17,8,9,9,9,, Susp 03/31/22,2022-06-08,http://dashboards.toastmasters.org/District.aspx?id=98
98,B,03,06786470,Chatterati Toastmasters Club,1,1,1,1,25,9,P,5,5,5,6,3,3,4,4,2,,18,18,18,19,17,8,9,9,9,,,2022-06-08,http://dashboards.toastmasters.org/District.aspx?id=98
98,B,03,07906218,Toastmasters For Entrepreneurs,1,1,1,1,8,8,,5,5,5,6,3,3,4,4,2,,18,18,18,19,17,8,9,9,9,,,2022-06-08,http://dashboards.toastmasters.org/District.aspx?id=98
98,B,04,04764536,JPMC Malad Toastmasters,1,1,1,0,14,8,,4,4,4,5,4,2,3,3,2,,18,18,18,19,17,8,9,9,9,,,2022-06-08,http://dashboards.toastmasters.org/District.aspx?id=98
98,B,04,07726190,Goregaon Speakers Community Toastmasters-(GSC Toastmasters),1,1,1,0,23,10,P,4,4,4,5,4,2,3,3,2,,18,18,18,19,17,8,9,9,9,,,2022-06-08,http://dashboards.toastmasters.org/District.aspx?id=98
98,B,04,07840662,Mumbai Speakers Toastmasters Club,1,1,1,0,27,9,P,4,4,4,5,4,2,3,3,2,,18,18,18,19,17,8,9,9,9,,,2022-06-08,http://dashboards.toastmasters.org/District.aspx?id=98
98,B,04,07873524,Fractal Toastmasters Club,1,1,1,0,32,4,,4,4,4,5,4,2,3,3,2,,18,18,18,19,17,8,9,9,9,,,2022-06-08,http://dashboards.toastmasters.org/District.aspx?id=98
98,C,01,02645684,Emerson Innovation Center-Pune Toastmasters Club,1,0,1,1,0,2,,4,4,4,5,3,2,3,3,2,,19,19,19,20,16,8,9,10,10,,,2022-06-08,http://dashboards.toastmasters.org/District.aspx?id=98
98,C,01,04167410,TCS Maitree Toastmasters Club Pune,1,1,1,1,34,10,P,4,4,4,5,3,2,3,3,2,,19,19,19,20,16,8,9,10,10,,,2022-06-08,http://dashboards.toastmasters.org/District.aspx?id=98
98,C,01,06097544,Toastmasters for Pune Entrepreneurs,1,1,1,1,27,10,P,4,4,4,5,3,2,3,3,2,,19,19,19,20,16,8,9,10,10,,,2022-06-08,http://dashboards.toastmasters.org/District.aspx?id=98
98,C,01,07764009,Capgemini  Ikigai Toastmasters Club,1,1,1,1,16,10,,4,4,4,5,3,2,3,3,2,,19,19,19,20,16,8,9,10,10,,,2022-06-08,http://dashboards.toastmasters.org/District.aspx?id=98
98,C,02,00776544,Genesis Toastmasters Club,1,1,1,1,21,9,P,4,4,4,5,4,2,3,3,3,Select Distinguished,19,19,19,20,16,8,9,10,10,,,2022-06-08,http://dashboards.toastmasters.org/District.aspx?id=98
98,C,02,04421153,Toastmasters Club of Pune North West,1,1,1,1,33,10,P,4,4,4,5,4,2,3,3,3,Select Distinguished,19,19,19,20,16,8,9,10,10,,,2022-06-08,http://dashboards.toastmasters.org/District.aspx?id=98
98,C,02,05297378,Barclays Pune 2 Toastmasters,1,1,1,1,20,9,P,4,4,4,5,4,2,3,3,3,Select Distinguished,19,19,19,20,16,8,9,10,10,,,2022-06-08,http://dashboards.toastmasters.org/District.aspx?id=98
98,C,02,06786792,WIPRO Rendezvous Toastmasters Club of Pune,1,1,1,1,12,7,,4,4,4,5,4,2,3,3,3,Select Distinguished,19,19,19,20,16,8,9,10,10,,,2022-06-08,http://dashboards.toastmasters.org/District.aspx?id=98
98,C,03,06933610,Birlasoft Toastmasters Club Pune,0,0,1,1,0,0,,4,4,4,5,3,2,3,3,2,,19,19,19,20,16,8,9,10,10,, Susp 03/31/22,2022-06-08,http://dashboards.toastmasters.org/District.aspx?id=98
98,C,03,07030730,Wakad Toastmaster Club,1,1,1,1,30,10,P,4,4,4,5,3,2,3,3,2,,19,19,19,20,16,8,9,10,10,,,2022-06-08,http://dashboards.toastmasters.org/District.aspx?id=98
98,C,03,07239392,Aundh Toastmasters Club,1,1,1,1,22,7,S,4,4,4,5,3,2,3,3,2,,19,19,19,20,16,8,9,10,10,,,2022-06-08,http://dashboards.toastmasters.org/District.aspx?id=98
98,C,03,07431038,STS Pune Toastmasters Club,1,1,1,1,9,7,,4,4,4,5,3,2,3,3,2,,19,19,19,20,16,8,9,10,10,,,2022-06-08,http://dashboards.toastmasters.org/District.aspx?id=98
98,C,04,00916446,Infosys Pune Toastmasters Club,1,1,1,1,29,10,P,3,3,3,4,4,2,3,3,2,Distinguished,19,19,19,20,16,8,9,10,10,,,2022-06-08,http://dashboards.toastmasters.org/District.aspx?id=98
98,C,04,05965350,Pimpri Toastmasters Club,1,1,1,1,36,10,P,3,3,3,4,4,2,3,3,2,Distinguished,19,19,19,20,16,8,9,10,10,,,2022-06-08,http://dashboards.toastmasters.org/District.aspx?id=98
98,C,04,07632324,Eaton Toastmasters Collaboration Club,1,0,1,1,0,1,,3,3,3,4,4,2,3,3,2,Distinguished,19,19,19,20,16,8,9,10,10,,,2022-06-08,http://dashboards.toastmasters.org/District.aspx?id=98
98,C,04,07926456,ASM Toastmasters Club,1,1,1,1,8,2,,3,3,3,4,4,2,3,3,2,Distinguished,19,19,19,20,16,8,9,10,10,,Charter 08/25/21,2022-06-08,http://dashboards.toastmasters.org/District.aspx?id=98
98,C,04,07995926,Ravet Toastmasters Club,0,0,0,1,19,1,,3,3,3,4,4,2,3,3,2,Distinguished,19,19,19,20,16,8,9,10,10,,Charter 04/15/22,2022-06-08,http://dashboards.toastmasters.org/District.aspx?id=98
98,C,05,05506714,Baner Toastmasters Club,1,1,1,1,21,10,P,4,4,4,5,2,2,3,3,1,,19,19,19,20,16,8,9,10,10,,,2022-06-08,http://dashboards.toastmasters.org/District.aspx?id=98
98,C,05,06601517,ATLAS COPCO PUNE TOASTMASTERS CLUB,0,0,1,1,0,0,,4,4,4,5,2,2,3,3,1,,19,19,19,20,16,8,9,10,10,, Susp 03/31/22,2022-06-08,http://dashboards.toastmasters.org/District.aspx?id=98
98,C,05,07683449,Toastmasters of Mediaocean,1,0,1,1,9,7,,4,4,4,5,2,2,3,3,1,,19,19,19,20,16,8,9,10,10,,,2022-06-08,http://dashboards.toastmasters.org/District.aspx?id=98
98,C,05,07860939,EIMC Toastmasters Club,1,1,1,1,9,4,,4,4,4,5,2,2,3,3,1,,19,19,19,20,16,8,9,10,10,,,2022-06-08,http://dashboards.toastmasters.org/District.aspx?id=98
98,D,01,02187981,John Deere Pune Toastmasters Club,1,1,1,1,29,10,P,5,5,5,6,4,3,4,4,2,,20,20,20,21,13,8,9,10,9,,,2022-06-08,http://dashboards.toastmasters.org/District.aspx?id=98
98,D,01,05144305,Barclays Pune Toastmasters Club,1,1,1,1,17,4,,5,5,5,6,4,3,4,4,2,,20,20,20,21,13,8,9,10,9,,,2022-06-08,http://dashboards.toastmasters.org/District.aspx?id=98
98,D,01,06604804,Bibvewadi Toastmasters Club,1,1,1,1,25,10,P,5,5,5,6,4,3,4,4,2,,20,20,20,21,13,8,9,10,9,,,2022-06-08,http://dashboards.toastmasters.org/District.aspx?id=98
98,D,01,07752570,Clarion Toastmasters Club,1,1,1,1,8,6,,5,5,5,6,4,3,4,4,2,,20,20,20,21,13,8,9,10,9,,,2022-06-08,http://dashboards.toastmasters.org/District.aspx?id=98
98,D,01,07913217,Japfa Toastmasters Club,1,0,1,1,0,2,,5,5,5,6,4,3,4,4,2,,20,20,20,21,13,8,9,10,9,,,2022-06-08,http://dashboards.toastmasters.org/District.aspx?id=98
98,D,02,05749190,BNY Mellon Technology Pune Toastmasters Club,0,0,1,1,0,0,,5,5,5,6,3,3,4,4,3,,20,20,20,21,13,8,9,10,9,, Susp 03/31/22,2022-06-08,http://dashboards.toastmasters.org/District.aspx?id=98
98,D,02,06691907,"RISE Toastmasters Club, Magarpatta",1,1,1,1,22,10,P,5,5,5,6,3,3,4,4,3,,20,20,20,21,13,8,9,10,9,,,2022-06-08,http://dashboards.toastmasters.org/District.aspx?id=98
98,D,02,07289566,Expedition Toastmasters Pune,1,1,1,1,58,5,D,5,5,5,6,3,3,4,4,3,,20,20,20,21,13,8,9,10,9,,,2022-06-08,http://dashboards.toastmasters.org/District.aspx?id=98
98,D,02,07850267,Backpackers Toastmasters Club,1,1,1,1,34,10,P,5,5,5,6,3,3,4,4,3,,20,20,20,21,13,8,9,10,9,,,2022-06-08,http://dashboards.toastmasters.org/District.aspx?id=98
98,D,02,07908895,Speak-a-Holic Toastmasters Club,1,0,1,1,1,3,,5,5,5,6,3,3,4,4,3,,20,20,20,21,13,8,9,10,9,,,2022-06-08,http://dashboards.toastmasters.org/District.aspx?id=98
98,D,03,01813871,ADP Pune Toastmasters,1,1,1,1,23,7,S,5,5,5,6,2,3,4,4,2,,20,20,20,21,13,8,9,10,9,,,2022-06-08,http://dashboards.toastmasters.org/District.aspx?id=98
98,D,03,06006628,Allstate Toastmasters Club Pune,1,0,1,1,2,4,,5,5,5,6,2,3,4,4,2,,20,20,20,21,13,8,9,10,9,,,2022-06-08,http://dashboards.toastmasters.org/District.aspx?id=98
98,D,03,06958921,"Srujan Hindi Toastmasters Club, Pune",0,0,1,0,0,2,,5,5,5,6,2,3,4,4,2,,20,20,20,21,13,8,9,10,9,, Susp 03/31/22,2022-06-08,http://dashboards.toastmasters.org/District.aspx?id=98
98,D,03,07327561,Teradata Pune Toastmasters Club,1,1,1,1,20,10,P,5,5,5,6,2,3,4,4,2,,20,20,20,21,13,8,9,10,9,,,2022-06-08,http://dashboards.toastmasters.org/District.aspx?id=98
98,D,03,07780150,Wonders of Women Toastmasters Club,1,0,1,1,6,3,,5,5,5,6,2,3,4,4,2,,20,20,20,21,13,8,9,10,9,,,2022-06-08,http://dashboards.toastmasters.org/District.aspx?id=98
98,D,04,01543586,Toastmasters Club of Pune South East,1,1,1,1,40,10,P,5,5,5,6,4,3,4,4,2,,20,20,20,21,13,8,9,10,9,,,2022-06-08,http://dashboards.toastmasters.org/District.aspx?id=98
98,D,04,06783469,BNYMellon - Magarpatta,1,1,1,1,15,4,,5,5,5,6,4,3,4,4,2,,20,20,20,21,13,8,9,10,9,,,2022-06-08,http://dashboards.toastmasters.org/District.aspx?id=98
98,D,04,07709645,E3 Ecolab Toastmasters Club,1,1,1,1,9,0,,5,5,5,6,4,3,4,4,2,,20,20,20,21,13,8,9,10,9,,,2022-06-08,http://dashboards.toastmasters.org/District.aspx?id=98
98,D,04,07709657,Food Lovers Toastmasters Club,0,0,1,0,0,0,,5,5,5,6,4,3,4,4,2,,20,20,20,21,13,8,9,10,9,, Susp 03/31/22,2022-06-08,http://dashboards.toastmasters.org/District.aspx?id=98
98,D,04,07850568,John Deere Pune Toastmasters 2.0,1,1,1,1,22,6,D,5,5,5,6,4,3,4,4,2,,20,20,20,21,13,8,9,10,9,,,2022-06-08,http://dashboards.toastmasters.org/District.aspx?id=98
98,E,01,01272701,Elan Toastmasters Hyderabad,1,1,1,1,18,4,,5,5,5,6,3,3,4,4,1,,17,17,17,18,15,7,8,9,3,,,2022-06-08,http://dashboards.toastmasters.org/District.aspx?id=98
98,E,01,01390103,Microsoft Hyderabad Toastmasters,1,1,1,1,20,5,D,5,5,5,6,3,3,4,4,1,,17,17,17,18,15,7,8,9,3,,,2022-06-08,http://dashboards.toastmasters.org/District.aspx?id=98
98,E,01,02694327,Toastmasters CBIT,1,0,1,1,7,7,,5,5,5,6,3,3,4,4,1,,17,17,17,18,15,7,8,9,3,,,2022-06-08,http://dashboards.toastmasters.org/District.aspx?id=98
98,E,01,07799944,SLIC Toastmasters,1,0,1,1,0,3,,5,5,5,6,3,3,4,4,1,,17,17,17,18,15,7,8,9,3,,,2022-06-08,http://dashboards.toastmasters.org/District.aspx?id=98
98,E,01,07847230,Spoorthy Telugu Toastmasters,1,1,1,1,18,7,,5,5,5,6,3,3,4,4,1,,17,17,17,18,15,7,8,9,3,,,2022-06-08,http://dashboards.toastmasters.org/District.aspx?id=98
98,E,02,00946002,Hyderabad Toastmasters,1,1,1,1,46,10,P,4,4,4,5,4,2,3,3,1,,17,17,17,18,15,7,8,9,3,,,2022-06-08,http://dashboards.toastmasters.org/District.aspx?id=98
98,E,02,01041988,Synopsys Hyderabad Toastmasters,1,1,1,1,12,2,,4,4,4,5,4,2,3,3,1,,17,17,17,18,15,7,8,9,3,,,2022-06-08,http://dashboards.toastmasters.org/District.aspx?id=98
98,E,02,04504233,Techmahindra Toastmasters Club (Infocity),1,1,1,1,9,1,,4,4,4,5,4,2,3,3,1,,17,17,17,18,15,7,8,9,3,,,2022-06-08,http://dashboards.toastmasters.org/District.aspx?id=98
98,E,02,07877640,TA Digital Toastmasters Club,1,1,1,1,29,4,,4,4,4,5,4,2,3,3,1,,17,17,17,18,15,7,8,9,3,,,2022-06-08,http://dashboards.toastmasters.org/District.aspx?id=98
98,E,02,07946559,Coca-Cola Toastmasters Club,0,0,0,1,20,2,,4,4,4,5,4,2,3,3,1,,17,17,17,18,15,7,8,9,3,,Charter 01/01/22,2022-06-08,http://dashboards.toastmasters.org/District.aspx?id=98
98,E,03,02669965,"Infosys Toastmasters, Hyderabad Prakriti",1,1,1,1,8,4,,4,4,4,5,4,2,3,3,0,,17,17,17,18,15,7,8,9,3,,,2022-06-08,http://dashboards.toastmasters.org/District.aspx?id=98
98,E,03,06662202,TCS Maitree Adibatla Toastmasters Club,1,0,1,1,1,7,,4,4,4,5,4,2,3,3,0,,17,17,17,18,15,7,8,9,3,,,2022-06-08,http://dashboards.toastmasters.org/District.aspx?id=98
98,E,03,07308980,ANURAG Toastmasters,1,1,1,1,18,5,,4,4,4,5,4,2,3,3,0,,17,17,17,18,15,7,8,9,3,,,2022-06-08,http://dashboards.toastmasters.org/District.aspx?id=98
98,E,03,07533654,StoryDellers,1,1,1,1,8,1,,4,4,4,5,4,2,3,3,0,,17,17,17,18,15,7,8,9,3,,,2022-06-08,http://dashboards.toastmasters.org/District.aspx?id=98
98,E,03,07998579,Wings of Fire Toastmasters,0,0,0,1,23,1,,4,4,4,5,4,2,3,3,0,,17,17,17,18,15,7,8,9,3,,Charter 04/20/22,2022-06-08,http://dashboards.toastmasters.org/District.aspx?id=98
98,E,04,02221384,Invesco India Toastmasters Club,1,1,1,1,23,4,,4,4,4,5,4,2,3,3,1,,17,17,17,18,15,7,8,9,3,,,2022-06-08,http://dashboards.toastmasters.org/District.aspx?id=98
98,E,04,04800980,Stagecoach Hyderabad Toastmasters,1,1,1,1,12,2,,4,4,4,5,4,2,3,3,1,,17,17,17,18,15,7,8,9,3,,,2022-06-08,http://dashboards.toastmasters.org/District.aspx?id=98
98,E,04,07833894,Toastmasters For Hyderabad Entrepreneurs,1,0,1,1,4,10,,4,4,4,5,4,2,3,3,1,,17,17,17,18,15,7,8,9,3,,,2022-06-08,http://dashboards.toastmasters.org/District.aspx?id=98
98,E,04,07893922,SRIT - Eloquent Speakers,1,1,1,1,21,9,P,4,4,4,5,4,2,3,3,1,,17,17,17,18,15,7,8,9,3,,,2022-06-08,http://dashboards.toastmasters.org/District.aspx?id=98
98,E,04,07981787,SRIT Vibrant Speakers,0,0,0,1,29,4,,4,4,4,5,4,2,3,3,1,,17,17,17,18,15,7,8,9,3,,Charter 04/01/22,2022-06-08,http://dashboards.toastmasters.org/District.aspx?id=98
98,F,01,01431155,Broadridge Toastmasters Club,1,0,1,1,0,2,,4,4,4,5,2,2,3,3,0,,18,18,18,19,13,8,9,9,4,,,2022-06-08,http://dashboards.toastmasters.org/District.aspx?id=98
98,F,01,01530783,Madhapur Toastmasters,1,1,1,1,19,9,,4,4,4,5,2,2,3,3,0,,18,18,18,19,13,8,9,9,4,,,2022-06-08,http://dashboards.toastmasters.org/District.aspx?id=98
98,F,01,04731654,JPMC Hyderabad Toastmasters,0,0,1,1,0,0,,4,4,4,5,2,2,3,3,0,,18,18,18,19,13,8,9,9,4,, Susp 03/31/22,2022-06-08,http://dashboards.toastmasters.org/District.aspx?id=98
98,F,01,07318924,Statestreet Hyd Toastmasters Club,1,0,1,1,0,1,,4,4,4,5,2,2,3,3,0,,18,18,18,19,13,8,9,9,4,,,2022-06-08,http://dashboards.toastmasters.org/District.aspx?id=98
98,F,01,07902837,Parker Hyderabad Speaks To Lead Toastmasters Club,1,1,1,1,22,2,,4,4,4,5,2,2,3,3,0,,18,18,18,19,13,8,9,9,4,,Charter 08/11/21,2022-06-08,http://dashboards.toastmasters.org/District.aspx?id=98
98,F,02,01340464,TCS Maitree Hyderabad Toastmasters Club,1,0,1,1,1,1,,4,4,4,5,2,2,3,3,1,,18,18,18,19,13,8,9,9,4,,,2022-06-08,http://dashboards.toastmasters.org/District.aspx?id=98
98,F,02,01466666,ADP Hyderabad Toastmasters,1,1,1,1,23,9,P,4,4,4,5,2,2,3,3,1,,18,18,18,19,13,8,9,9,4,,,2022-06-08,http://dashboards.toastmasters.org/District.aspx?id=98
98,F,02,05030861,Roots Toastmasters,1,0,1,1,0,9,,4,4,4,5,2,2,3,3,1,,18,18,18,19,13,8,9,9,4,,,2022-06-08,http://dashboards.toastmasters.org/District.aspx?id=98
98,F,02,07913167,ZF Toastmasters,1,1,1,1,19,4,,4,4,4,5,2,2,3,3,1,,18,18,18,19,13,8,9,9,4,,,2022-06-08,http://dashboards.toastmasters.org/District.aspx?id=98
98,F,03,02254770,Toastmasters at Novartis Hyderabad,1,1,1,1,15,5,,5,5,5,6,4,3,4,4,2,,18,18,18,19,13,8,9,9,4,,,2022-06-08,http://dashboards.toastmasters.org/District.aspx?id=98
98,F,03,07432531,RMSI Hyderabad Toastmasters Club,0,0,1,1,0,0,,5,5,5,6,4,3,4,4,2,,18,18,18,19,13,8,9,9,4,, Susp 03/31/22,2022-06-08,http://dashboards.toastmasters.org/District.aspx?id=98
98,F,03,07657911,Kiet Toastmasters Club,1,1,1,1,26,6,D,5,5,5,6,4,3,4,4,2,,18,18,18,19,13,8,9,9,4,,,2022-06-08,http://dashboards.toastmasters.org/District.aspx?id=98
98,F,03,07780796,KW's Silver Tongue Toastmasters Club,1,1,1,1,20,10,P,5,5,5,6,4,3,4,4,2,,18,18,18,19,13,8,9,9,4,,,2022-06-08,http://dashboards.toastmasters.org/District.aspx?id=98
98,F,03,07912189,MANAGE Toastmasters,1,1,1,1,17,3,,5,5,5,6,4,3,4,4,2,,18,18,18,19,13,8,9,9,4,,,2022-06-08,http://dashboards.toastmasters.org/District.aspx?id=98
98,F,04,03492833,Waltair Toastmasters Club,1,1,1,1,21,4,,5,5,5,6,5,3,4,4,1,,18,18,18,19,13,8,9,9,4,,,2022-06-08,http://dashboards.toastmasters.org/District.aspx?id=98
98,F,04,06943597,L&T Vizag Toastmasters Club,1,1,1,1,8,5,,5,5,5,6,5,3,4,4,1,,18,18,18,19,13,8,9,9,4,,,2022-06-08,http://dashboards.toastmasters.org/District.aspx?id=98
98,F,04,07402154,Pragati Toastmasters Club,1,1,1,1,20,5,D,5,5,5,6,5,3,4,4,1,,18,18,18,19,13,8,9,9,4,,,2022-06-08,http://dashboards.toastmasters.org/District.aspx?id=98
98,F,04,07825838,GITAM Toastmasters Club,1,1,1,1,13,6,,5,5,5,6,5,3,4,4,1,,18,18,18,19,13,8,9,9,4,,,2022-06-08,http://dashboards.toastmasters.org/District.aspx?id=98
98,F,04,07912450,Coastline Toastmasters Club,1,1,1,1,16,7,,5,5,5,6,5,3,4,4,1,,18,18,18,19,13,8,9,9,4,,,2022-06-08,http://dashboards.toastmasters.org/District.aspx?id=98
98,G,01,00991226,Vision Toastmasters (community Club),1,1,1,1,28,10,P,5,5,5,6,3,3,4,4,1,,20,20,20,21,15,8,9,10,4,,,2022-06-08,http://dashboards.toastmasters.org/District.aspx?id=98
98,G,01,02097754,Oracle Hyderabad Toastmasters,1,1,1,1,14,6,,5,5,5,6,3,3,4,4,1,,20,20,20,21,15,8,9,10,4,,,2022-06-08,http://dashboards.toastmasters.org/District.aspx?id=98
98,G,01,07171974,HRDC Toastmasters,0,0,1,0,0,0,,5,5,5,6,3,3,4,4,1,,20,20,20,21,15,8,9,10,4,, Susp 03/31/22,2022-06-08,http://dashboards.toastmasters.org/District.aspx?id=98
98,G,01,07722776,CKM Toastmasters,1,0,1,1,0,0,,5,5,5,6,3,3,4,4,1,,20,20,20,21,15,8,9,10,4,,,2022-06-08,http://dashboards.toastmasters.org/District.aspx?id=98
98,G,01,07865258,Modak Toastmasters Club,1,0,1,1,1,2,,5,5,5,6,3,3,4,4,1,,20,20,20,21,15,8,9,10,4,,,2022-06-08,http://dashboards.toastmasters.org/District.aspx?id=98
98,G,01,07977411,"Speakers, Trainers and Coaches Toastmasters",0,1,0,1,28,2,,5,5,5,6,3,3,4,4,1,,20,20,20,21,15,8,9,10,4,,Charter 03/08/22,2022-06-08,http://dashboards.toastmasters.org/District.aspx?id=98
98,G,02,01095031,Indian School of Business Toastmasters,1,1,1,1,12,2,,5,5,5,6,3,3,4,4,1,,20,20,20,21,15,8,9,10,4,,,2022-06-08,http://dashboards.toastmasters.org/District.aspx?id=98
98,G,02,04486936,"Hitachi Vantara Toastmasters Club, Hyderabad",0,0,1,1,0,0,,5,5,5,6,3,3,4,4,1,,20,20,20,21,15,8,9,10,4,, Susp 03/31/22,2022-06-08,http://dashboards.toastmasters.org/District.aspx?id=98
98,G,02,06557404,BVRIT Hyderabad TM Club,1,1,1,1,27,8,S,5,5,5,6,3,3,4,4,1,,20,20,20,21,15,8,9,10,4,,,2022-06-08,http://dashboards.toastmasters.org/District.aspx?id=98
98,G,02,07074267,AVEVA Toastmasters Club,0,0,1,1,0,0,,5,5,5,6,3,3,4,4,1,,20,20,20,21,15,8,9,10,4,, Susp 03/31/22,2022-06-08,http://dashboards.toastmasters.org/District.aspx?id=98
98,G,02,07860741,Legato Influencers,1,1,1,1,28,3,,5,5,5,6,3,3,4,4,1,,20,20,20,21,15,8,9,10,4,,,2022-06-08,http://dashboards.toastmasters.org/District.aspx?id=98
98,G,03,05906439,Nizampet Toastmasters,1,1,1,1,21,6,D,5,5,5,6,5,3,4,4,1,,20,20,20,21,15,8,9,10,4,,,2022-06-08,http://dashboards.toastmasters.org/District.aspx?id=98
98,G,03,06563084,USP Orators,1,1,1,1,21,3,,5,5,5,6,5,3,4,4,1,,20,20,20,21,15,8,9,10,4,,,2022-06-08,http://dashboards.toastmasters.org/District.aspx?id=98
98,G,03,06945484,VJIM Toastmasters,1,1,1,1,11,7,,5,5,5,6,5,3,4,4,1,,20,20,20,21,15,8,9,10,4,,,2022-06-08,http://dashboards.toastmasters.org/District.aspx?id=98
98,G,03,07542047,BITS-H Toastmasters Club,1,1,1,1,18,9,,5,5,5,6,5,3,4,4,1,,20,20,20,21,15,8,9,10,4,,,2022-06-08,http://dashboards.toastmasters.org/District.aspx?id=98
98,G,03,07913008,UBS Hyderabad Toastmasters Club,1,1,1,1,22,3,,5,5,5,6,5,3,4,4,1,,20,20,20,21,15,8,9,10,4,,,2022-06-08,http://dashboards.toastmasters.org/District.aspx?id=98
98,G,04,00702390,Infosys Hyderabad Toastmasters Club (IHTMC),1,1,1,1,9,4,,5,5,5,6,4,3,4,4,1,,20,20,20,21,15,8,9,10,4,,,2022-06-08,http://dashboards.toastmasters.org/District.aspx?id=98
98,G,04,02247357,Virtusa Hyderabad Toastmasters Club,0,0,1,0,0,0,,5,5,5,6,4,3,4,4,1,,20,20,20,21,15,8,9,10,4,, Susp 03/31/22,2022-06-08,http://dashboards.toastmasters.org/District.aspx?id=98
98,G,04,04637951,Xlrators-Miyapur,1,1,1,1,16,3,,5,5,5,6,4,3,4,4,1,,20,20,20,21,15,8,9,10,4,,,2022-06-08,http://dashboards.toastmasters.org/District.aspx?id=98
98,G,04,07160333,HITAM Toastmasters Club,1,1,1,1,25,9,P,5,5,5,6,4,3,4,4,1,,20,20,20,21,15,8,9,10,4,,,2022-06-08,http://dashboards.toastmasters.org/District.aspx?id=98
98,G,04,07908104,Toastmasters For Cashflow Entrepreneurs,1,1,1,1,14,10,,5,5,5,6,4,3,4,4,1,,20,20,20,21,15,8,9,10,4,,,2022-06-08,http://dashboards.toastmasters.org/District.aspx?id=98
98,H,01,03123809,Secunderabad Toastmasters,1,1,1,1,29,10,P,4,4,4,5,3,2,3,3,1,,18,18,18,19,14,8,9,9,5,,,2022-06-08,http://dashboards.toastmasters.org/District.aspx?id=98
98,H,01,07440234,Cyient Toastmasters Club,1,0,1,1,0,2,,4,4,4,5,3,2,3,3,1,,18,18,18,19,14,8,9,9,5,,,2022-06-08,http://dashboards.toastmasters.org/District.aspx?id=98
98,H,01,07454302,Dilsukhnagar Toastmasters,1,1,1,1,19,8,,4,4,4,5,3,2,3,3,1,,18,18,18,19,14,8,9,9,5,,,2022-06-08,http://dashboards.toastmasters.org/District.aspx?id=98
98,H,01,07701907,TechnipFMC Toastmasters,1,1,1,1,3,2,,4,4,4,5,3,2,3,3,1,,18,18,18,19,14,8,9,9,5,,,2022-06-08,http://dashboards.toastmasters.org/District.aspx?id=98
98,H,02,01534632,TCS Maitree Synergy Park Toastmasters Club,1,1,1,1,22,10,P,4,4,4,5,2,2,3,3,1,,18,18,18,19,14,8,9,9,5,,,2022-06-08,http://dashboards.toastmasters.org/District.aspx?id=98
98,H,02,06768787,Toastmasters@HighRadius,1,0,1,1,0,2,,4,4,4,5,2,2,3,3,1,,18,18,18,19,14,8,9,9,5,,,2022-06-08,http://dashboards.toastmasters.org/District.aspx?id=98
98,H,02,06886129,Alight Hyderabad Toastmasters Club,1,0,1,1,0,4,,4,4,4,5,2,2,3,3,1,,18,18,18,19,14,8,9,9,5,,,2022-06-08,http://dashboards.toastmasters.org/District.aspx?id=98
98,H,02,07854456,Mehdipatnam Toastmasters Club,1,1,1,1,8,3,,4,4,4,5,2,2,3,3,1,,18,18,18,19,14,8,9,9,5,,,2022-06-08,http://dashboards.toastmasters.org/District.aspx?id=98
98,H,03,01036431,Deloitte Hyderabad Toastmasters Club,1,1,1,1,26,9,P,5,5,5,6,5,3,4,4,2,,18,18,18,19,14,8,9,9,5,,,2022-06-08,http://dashboards.toastmasters.org/District.aspx?id=98
98,H,03,01937401,Golden Falcon Toastmasters,1,1,1,1,24,8,S,5,5,5,6,5,3,4,4,2,,18,18,18,19,14,8,9,9,5,,,2022-06-08,http://dashboards.toastmasters.org/District.aspx?id=98
98,H,03,03543283,Quest-Qualcomm's Enlightened Speakers of Tomorrow,1,1,1,1,15,3,,5,5,5,6,5,3,4,4,2,,18,18,18,19,14,8,9,9,5,,,2022-06-08,http://dashboards.toastmasters.org/District.aspx?id=98
98,H,03,04799292,CDK Hyderabad Toastmasters Club,1,1,1,1,20,4,,5,5,5,6,5,3,4,4,2,,18,18,18,19,14,8,9,9,5,,,2022-06-08,http://dashboards.toastmasters.org/District.aspx?id=98
98,H,03,07895736,MitraTech Toastmasters Club,1,1,1,1,40,4,,5,5,5,6,5,3,4,4,2,,18,18,18,19,14,8,9,9,5,,,2022-06-08,http://dashboards.toastmasters.org/District.aspx?id=98
98,H,04,06887490,Guntur Toastmasters Club,1,1,1,1,19,10,,5,5,5,6,4,3,4,4,1,,18,18,18,19,14,8,9,9,5,,,2022-06-08,http://dashboards.toastmasters.org/District.aspx?id=98
98,H,04,07160802,PSCMR Toastmasters Club,1,0,1,1,0,2,,5,5,5,6,4,3,4,4,1,,18,18,18,19,14,8,9,9,5,,,2022-06-08,http://dashboards.toastmasters.org/District.aspx?id=98
98,H,04,07326699,SVECW Speech Weavers Toastmasters,1,1,1,1,15,5,,5,5,5,6,4,3,4,4,1,,18,18,18,19,14,8,9,9,5,,,2022-06-08,http://dashboards.toastmasters.org/District.aspx?id=98
98,H,04,07327622,S.R.K.R. Toastmasters,1,1,1,1,15,6,D,5,5,5,6,4,3,4,4,1,,18,18,18,19,14,8,9,9,5,,,2022-06-08,http://dashboards.toastmasters.org/District.aspx?id=98
98,H,04,07913211,Vijayawada Toastmasters Club,1,1,1,1,13,4,,5,5,5,6,4,3,4,4,1,,18,18,18,19,14,8,9,9,5,,,2022-06-08,http://dashboards.toastmasters.org/District.aspx?id=98
98,J,01,02472534,Amdavad Toastmasters Club,1,1,1,1,40,8,S,4,4,4,5,3,2,3,3,2,,13,13,13,14,12,6,6,7,6,,,2022-06-08,http://dashboards.toastmasters.org/District.aspx?id=98
98,J,01,06931486,Heritage City Toastmasters Club,1,1,1,1,21,10,P,4,4,4,5,3,2,3,3,2,,13,13,13,14,12,6,6,7,6,,,2022-06-08,http://dashboards.toastmasters.org/District.aspx?id=98
98,J,01,07709614,CorpOrate Toastmasters Club,0,0,1,0,0,0,,4,4,4,5,3,2,3,3,2,,13,13,13,14,12,6,6,7,6,, Susp 03/31/22,2022-06-08,http://dashboards.toastmasters.org/District.aspx?id=98
98,J,01,07876919,Cadence Ahmedabad Fortune Toastmasters Club,1,1,1,1,21,4,,4,4,4,5,3,2,3,3,2,,13,13,13,14,12,6,6,7,6,,,2022-06-08,http://dashboards.toastmasters.org/District.aspx?id=98
98,J,02,05689336,RG Speakers Toastmasters Club,1,1,1,1,30,10,P,5,5,5,6,5,3,4,4,3,Distinguished,13,13,13,14,12,6,6,7,6,,,2022-06-08,http://dashboards.toastmasters.org/District.aspx?id=98
98,J,02,07169553,RG Doyens,1,1,1,1,58,10,P,5,5,5,6,5,3,4,4,3,Distinguished,13,13,13,14,12,6,6,7,6,,,2022-06-08,http://dashboards.toastmasters.org/District.aspx?id=98
98,J,02,07185923,RG Orators Toastmasters Club,1,1,1,1,29,10,P,5,5,5,6,5,3,4,4,3,Distinguished,13,13,13,14,12,6,6,7,6,,,2022-06-08,http://dashboards.toastmasters.org/District.aspx?id=98
98,J,02,07244872,RIL JMD Speakers Toastmasters Club,1,1,1,1,10,5,,5,5,5,6,5,3,4,4,3,Distinguished,13,13,13,14,12,6,6,7,6,,,2022-06-08,http://dashboards.toastmasters.org/District.aspx?id=98
98,J,02,07403659,Rajkot Toastmasters Club,1,1,1,1,11,6,,5,5,5,6,5,3,4,4,3,Distinguished,13,13,13,14,12,6,6,7,6,,,2022-06-08,http://dashboards.toastmasters.org/District.aspx?id=98
98,J,03,03220784,TCS BE@T Gandhinagar,1,1,1,1,20,10,P,4,4,4,5,4,2,3,3,1,,13,13,13,14,12,6,6,7,6,,,2022-06-08,http://dashboards.toastmasters.org/District.aspx?id=98
98,J,03,06839027,TCS KALPAK TOASTMASTERS CLUB,1,1,1,1,11,6,,4,4,4,5,4,2,3,3,1,,13,13,13,14,12,6,6,7,6,,,2022-06-08,http://dashboards.toastmasters.org/District.aspx?id=98
98,J,03,07636059,Gandhinagar Toastmasters Club,1,1,1,1,14,5,,4,4,4,5,4,2,3,3,1,,13,13,13,14,12,6,6,7,6,,,2022-06-08,http://dashboards.toastmasters.org/District.aspx?id=98
98,J,03,07877736,PIMA Toastmasters Club,0,0,1,0,0,0,,4,4,4,5,4,2,3,3,1,,13,13,13,14,12,6,6,7,6,, Susp 03/31/22,2022-06-08,http://dashboards.toastmasters.org/District.aspx?id=98
98,J,03,07998588,Matrix Toastmasters Club,0,0,0,1,18,2,,4,4,4,5,4,2,3,3,1,,13,13,13,14,12,6,6,7,6,,Charter 04/13/22,2022-06-08,http://dashboards.toastmasters.org/District.aspx?id=98
98,M,01,04899367,RIL Toastmasters Club,1,1,1,1,62,9,P,5,5,5,6,4,3,4,4,3,,17,17,17,18,17,7,8,9,11,Select Distinguished,,2022-06-08,http://dashboards.toastmasters.org/District.aspx?id=98
98,M,01,06881120,UBS Mumbai Toastmasters Club,1,1,1,1,14,5,,5,5,5,6,4,3,4,4,3,,17,17,17,18,17,7,8,9,11,Select Distinguished,,2022-06-08,http://dashboards.toastmasters.org/District.aspx?id=98
98,M,01,07231185,Kharghar Toastmasters Club,1,1,1,1,25,10,P,5,5,5,6,4,3,4,4,3,,17,17,17,18,17,7,8,9,11,Select Distinguished,,2022-06-08,http://dashboards.toastmasters.org/District.aspx?id=98
98,M,01,07861024,Readers and Debaters Toastmasters Club,1,1,1,1,22,9,P,5,5,5,6,4,3,4,4,3,,17,17,17,18,17,7,8,9,11,Select Distinguished,,2022-06-08,http://dashboards.toastmasters.org/District.aspx?id=98
98,M,01,07914844,ISB Modular Programmes Toastmasters Club,1,0,1,1,3,3,,5,5,5,6,4,3,4,4,3,,17,17,17,18,17,7,8,9,11,Select Distinguished,,2022-06-08,http://dashboards.toastmasters.org/District.aspx?id=98
98,M,02,02380536,Agnel Toastmasters Club,1,1,1,1,35,10,P,4,4,4,5,4,2,3,3,3,Select Distinguished,17,17,17,18,17,7,8,9,11,Select Distinguished,,2022-06-08,http://dashboards.toastmasters.org/District.aspx?id=98
98,M,02,07571457,GEP Toastmasters Club,1,1,1,1,52,4,,4,4,4,5,4,2,3,3,3,Select Distinguished,17,17,17,18,17,7,8,9,11,Select Distinguished,,2022-06-08,http://dashboards.toastmasters.org/District.aspx?id=98
98,M,02,07798485,Airoli Bilingual Toastmasters Club,1,1,1,1,21,9,P,4,4,4,5,4,2,3,3,3,Select Distinguished,17,17,17,18,17,7,8,9,11,Select Distinguished,,2022-06-08,http://dashboards.toastmasters.org/District.aspx?id=98
98,M,02,07906093,Mumbai Communicators Toastmasters Club,1,1,1,1,22,7,S,4,4,4,5,4,2,3,3,3,Select Distinguished,17,17,17,18,17,7,8,9,11,Select Distinguished,,2022-06-08,http://dashboards.toastmasters.org/District.aspx?id=98
98,M,03,06770016,Palava Toastmasters Club,1,1,1,1,20,9,P,4,4,4,5,5,2,3,3,4,President's Distinguished,17,17,17,18,17,7,8,9,11,Select Distinguished,,2022-06-08,http://dashboards.toastmasters.org/District.aspx?id=98
98,M,03,07753761,Speakathon Kalwa Toastmasters,1,1,1,1,22,9,P,4,4,4,5,5,2,3,3,4,President's Distinguished,17,17,17,18,17,7,8,9,11,Select Distinguished,,2022-06-08,http://dashboards.toastmasters.org/District.aspx?id=98
98,M,03,07842156,Worley India Toastmasters Synergy,1,1,1,1,21,9,P,4,4,4,5,5,2,3,3,4,President's Distinguished,17,17,17,18,17,7,8,9,11,Select Distinguished,,2022-06-08,http://dashboards.toastmasters.org/District.aspx?id=98
98,M,03,07849707,Speakers Community Toastmasters Club,1,1,1,1,16,9,,4,4,4,5,5,2,3,3,4,President's Distinguished,17,17,17,18,17,7,8,9,11,Select Distinguished,,2022-06-08,http://dashboards.toastmasters.org/District.aspx?id=98
98,M,03,07999139,Chalk & Duster Toastmasters Club,0,0,0,1,25,7,S,4,4,4,5,5,2,3,3,4,President's Distinguished,17,17,17,18,17,7,8,9,11,Select Distinguished,Charter 04/18/22,2022-06-08,http://dashboards.toastmasters.org/District.aspx?id=98
98,M,04,05116082,Capgemini Mumbai Toastmasters Club,1,1,1,1,18,8,,4,4,4,5,4,2,3,3,1,,17,17,17,18,17,7,8,9,11,Select Distinguished,,2022-06-08,http://dashboards.toastmasters.org/District.aspx?id=98
98,M,04,06592002,Ghodbunder Toastmasters Club,1,1,1,1,37,10,P,4,4,4,5,4,2,3,3,1,,17,17,17,18,17,7,8,9,11,Select Distinguished,,2022-06-08,http://dashboards.toastmasters.org/District.aspx?id=98
98,M,04,07763127,NMD Toastmasters Club,1,0,1,1,0,3,,4,4,4,5,4,2,3,3,1,,17,17,17,18,17,7,8,9,11,Select Distinguished,,2022-06-08,http://dashboards.toastmasters.org/District.aspx?id=98
98,M,04,07849406,Worley India Toastmasters Harmony,1,1,1,1,19,7,,4,4,4,5,4,2,3,3,1,,17,17,17,18,17,7,8,9,11,Select Distinguished,,2022-06-08,http://dashboards.toastmasters.org/District.aspx?id=98
98,M,04,07967088,Accenture Executive Toastmasters Club,0,1,0,1,27,2,,4,4,4,5,4,2,3,3,1,,17,17,17,18,17,7,8,9,11,Select Distinguished,Charter 01/21/22,2022-06-08,http://dashboards.toastmasters.org/District.aspx?id=98
98,N,01,00992223,Raisoni Institute's Diamond Toastmasters Club,1,1,1,1,22,10,P,4,4,4,5,4,2,3,3,3,Select Distinguished,15,15,15,16,13,6,7,8,5,,,2022-06-08,http://dashboards.toastmasters.org/District.aspx?id=98
98,N,01,05893739,TCS Nagpur Toastmasters Club,1,1,1,1,22,9,P,4,4,4,5,4,2,3,3,3,Select Distinguished,15,15,15,16,13,6,7,8,5,,,2022-06-08,http://dashboards.toastmasters.org/District.aspx?id=98
98,N,01,07825941,YCCE Verbalisers Toastmasters Club,1,1,1,1,20,3,,4,4,4,5,4,2,3,3,3,Select Distinguished,15,15,15,16,13,6,7,8,5,,,2022-06-08,http://dashboards.toastmasters.org/District.aspx?id=98
98,N,01,07911256,Raipur Toastmasters Club,1,1,1,1,21,10,P,4,4,4,5,4,2,3,3,3,Select Distinguished,15,15,15,16,13,6,7,8,5,,,2022-06-08,http://dashboards.toastmasters.org/District.aspx?id=98
98,N,02,00992337,Raisoni Institute's Emerald Toastmasters Club,1,1,1,1,26,10,P,4,4,4,5,3,2,3,3,1,,15,15,15,16,13,6,7,8,5,,,2022-06-08,http://dashboards.toastmasters.org/District.aspx?id=98
98,N,02,03531688,Nagpur Toastmasters Club,1,1,1,1,17,8,,4,4,4,5,3,2,3,3,1,,15,15,15,16,13,6,7,8,5,,,2022-06-08,http://dashboards.toastmasters.org/District.aspx?id=98
98,N,02,05757009,IIM Nagpur Toastmasters Club,1,1,1,1,8,4,,4,4,4,5,3,2,3,3,1,,15,15,15,16,13,6,7,8,5,,,2022-06-08,http://dashboards.toastmasters.org/District.aspx?id=98
98,N,02,07811085,InfoCepts Toastmasters Club,1,0,1,1,0,3,,4,4,4,5,3,2,3,3,1,,15,15,15,16,13,6,7,8,5,,,2022-06-08,http://dashboards.toastmasters.org/District.aspx?id=98
98,N,03,05742286,IIM Raipur Toastmasters Club,1,1,1,1,9,4,,3,3,3,4,3,2,3,3,1,,15,15,15,16,13,6,7,8,5,,,2022-06-08,http://dashboards.toastmasters.org/District.aspx?id=98
98,N,03,07185394,SSIPMT Spellbinders,1,1,1,1,14,5,,3,3,3,4,3,2,3,3,1,,15,15,15,16,13,6,7,8,5,,,2022-06-08,http://dashboards.toastmasters.org/District.aspx?id=98
98,N,03,07735020,Loyal Toastmasters Club,1,1,1,1,20,10,P,3,3,3,4,3,2,3,3,1,,15,15,15,16,13,6,7,8,5,,,2022-06-08,http://dashboards.toastmasters.org/District.aspx?id=98
98,N,04,05762025,IMT Nagpur Toastmasters Club,1,0,1,1,7,4,,4,4,4,5,3,2,3,3,0,,15,15,15,16,13,6,7,8,5,,,2022-06-08,http://dashboards.toastmasters.org/District.aspx?id=98
98,N,04,07073592,Gurukul.Education Toastmasters Club,1,1,1,1,13,9,,4,4,4,5,3,2,3,3,0,,15,15,15,16,13,6,7,8,5,,,2022-06-08,http://dashboards.toastmasters.org/District.aspx?id=98
98,N,04,07289583,Raisoni Institute's Brio Toastmasters Club,1,1,1,1,20,4,,4,4,4,5,3,2,3,3,0,,15,15,15,16,13,6,7,8,5,,,2022-06-08,http://dashboards.toastmasters.org/District.aspx?id=98
98,N,04,07429657,Rungta Toastmasters Club,1,1,1,1,13,7,,4,4,4,5,3,2,3,3,0,,15,15,15,16,13,6,7,8,5,,,2022-06-08,http://dashboards.toastmasters.org/District.aspx?id=98
98,O,01,06539289,UBS Pune Toastmasters Club,1,1,1,1,25,9,P,4,4,4,5,4,2,3,3,4,Select Distinguished,16,16,16,17,14,7,8,8,7,,,2022-06-08,http://dashboards.toastmasters.org/District.aspx?id=98
98,O,01,06592020,Deutsche Bank Pune Toastmasters Club,1,1,1,1,16,5,D,4,4,4,5,4,2,3,3,4,Select Distinguished,16,16,16,17,14,7,8,8,7,,,2022-06-08,http://dashboards.toastmasters.org/District.aspx?id=98
98,O,01,06885728,SgAs Toastmasters Club,1,0,1,0,0,2,,4,4,4,5,4,2,3,3,4,Select Distinguished,16,16,16,17,14,7,8,8,7,,,2022-06-08,http://dashboards.toastmasters.org/District.aspx?id=98
98,O,01,07448369,Toastmasters for Pune Entrepreneurs 2.0,1,1,1,1,27,10,P,4,4,4,5,4,2,3,3,4,Select Distinguished,16,16,16,17,14,7,8,8,7,,,2022-06-08,http://dashboards.toastmasters.org/District.aspx?id=98
98,O,01,07922639,John Deere Pune Toastmasters 3.0,1,1,1,1,21,5,D,4,4,4,5,4,2,3,3,4,Select Distinguished,16,16,16,17,14,7,8,8,7,,Charter 09/27/21,2022-06-08,http://dashboards.toastmasters.org/District.aspx?id=98
98,O,02,02571105,Opulent Toastmasters Club Of Pune Camp,1,1,1,1,19,10,,4,4,4,5,4,2,3,3,2,Distinguished,16,16,16,17,14,7,8,8,7,,,2022-06-08,http://dashboards.toastmasters.org/District.aspx?id=98
98,O,02,06716037,Aurangabad Toastmasters,1,1,1,1,15,7,,4,4,4,5,4,2,3,3,2,Distinguished,16,16,16,17,14,7,8,8,7,,,2022-06-08,http://dashboards.toastmasters.org/District.aspx?id=98
98,O,02,07757012,Toastmasters Club of BMC Software Customer Success,1,1,1,1,35,9,P,4,4,4,5,4,2,3,3,2,Distinguished,16,16,16,17,14,7,8,8,7,,,2022-06-08,http://dashboards.toastmasters.org/District.aspx?id=98
98,O,02,07870960,Mastering Leadership TMC,1,1,1,1,23,6,D,4,4,4,5,4,2,3,3,2,Distinguished,16,16,16,17,14,7,8,8,7,,,2022-06-08,http://dashboards.toastmasters.org/District.aspx?id=98
98,O,03,05027867,Tietoevry Toastmasters Club,1,1,1,1,17,10,,4,4,4,5,3,2,3,3,0,,16,16,16,17,14,7,8,8,7,,,2022-06-08,http://dashboards.toastmasters.org/District.aspx?id=98
98,O,03,06642875,Toastmasters Club of Pune South,1,1,1,1,19,10,,4,4,4,5,3,2,3,3,0,,16,16,16,17,14,7,8,8,7,,,2022-06-08,http://dashboards.toastmasters.org/District.aspx?id=98
98,O,03,06783455,BNY Mellon - Pune Commerzone,1,1,1,1,15,4,,4,4,4,5,3,2,3,3,0,,16,16,16,17,14,7,8,8,7,,,2022-06-08,http://dashboards.toastmasters.org/District.aspx?id=98
98,O,03,07860776,Cadence Sparkling Toastmasters Club,1,0,1,1,6,3,,4,4,4,5,3,2,3,3,0,,16,16,16,17,14,7,8,8,7,,,2022-06-08,http://dashboards.toastmasters.org/District.aspx?id=98
98,O,04,02150212,TSYS Pune Toastmasters Club,1,1,1,1,13,7,,4,4,4,5,3,2,3,3,1,,16,16,16,17,14,7,8,8,7,,,2022-06-08,http://dashboards.toastmasters.org/District.aspx?id=98
98,O,04,02973814,Toastmasters Club of Pune - North East,1,1,1,1,25,10,P,4,4,4,5,3,2,3,3,1,,16,16,16,17,14,7,8,8,7,,,2022-06-08,http://dashboards.toastmasters.org/District.aspx?id=98
98,O,04,03700901,Toastmasters Club of BMC Software,1,1,1,1,11,8,,4,4,4,5,3,2,3,3,1,,16,16,16,17,14,7,8,8,7,,,2022-06-08,http://dashboards.toastmasters.org/District.aspx?id=98
98,O,04,07850062,STL Toastmaster Club,1,0,1,1,6,2,,4,4,4,5,3,2,3,3,1,,16,16,16,17,14,7,8,8,7,,,2022-06-08,http://dashboards.toastmasters.org/District.aspx?id=98
98,P,01,01141787,Toastmasters Club of Pune,1,1,1,1,31,10,P,4,4,4,5,3,2,3,3,1,,21,21,21,22,16,9,10,11,5,,,2022-06-08,http://dashboards.toastmasters.org/District.aspx?id=98
98,P,01,07470706,Pune Marathi Toastmasters Club,1,1,1,1,14,10,,4,4,4,5,3,2,3,3,1,,21,21,21,22,16,9,10,11,5,,,2022-06-08,http://dashboards.toastmasters.org/District.aspx?id=98
98,P,01,07843205,Kolhapur Toastmasters Club,1,1,1,1,14,8,,4,4,4,5,3,2,3,3,1,,21,21,21,22,16,9,10,11,5,,,2022-06-08,http://dashboards.toastmasters.org/District.aspx?id=98
98,P,01,07870821,Druva Toastmasters Club,1,0,1,0,0,3,,4,4,4,5,3,2,3,3,1,,21,21,21,22,16,9,10,11,5,,,2022-06-08,http://dashboards.toastmasters.org/District.aspx?id=98
98,P,02,01534609,Toastmasters Club of Pune-West,1,1,1,1,31,10,P,4,4,4,5,3,2,3,3,1,,21,21,21,22,16,9,10,11,5,,,2022-06-08,http://dashboards.toastmasters.org/District.aspx?id=98
98,P,02,05820914,Accenture Pune Toastmasters Club,0,0,1,1,0,0,,4,4,4,5,3,2,3,3,1,,21,21,21,22,16,9,10,11,5,, Susp 03/31/22,2022-06-08,http://dashboards.toastmasters.org/District.aspx?id=98
98,P,02,05970302,Cummins Pune Toastmasters Club,1,1,1,0,16,9,,4,4,4,5,3,2,3,3,1,,21,21,21,22,16,9,10,11,5,,,2022-06-08,http://dashboards.toastmasters.org/District.aspx?id=98
98,P,02,06974223,Sinhgad Toastmasters Club,1,1,1,1,11,9,,4,4,4,5,3,2,3,3,1,,21,21,21,22,16,9,10,11,5,,,2022-06-08,http://dashboards.toastmasters.org/District.aspx?id=98
98,P,03,02541278,Toastmasters Club Of Pune-Central,1,1,1,1,11,10,,4,4,4,5,3,2,3,3,0,,21,21,21,22,16,9,10,11,5,,,2022-06-08,http://dashboards.toastmasters.org/District.aspx?id=98
98,P,03,06641278,3DS Pune Toastmasters Club,1,1,1,1,16,8,,4,4,4,5,3,2,3,3,0,,21,21,21,22,16,9,10,11,5,,,2022-06-08,http://dashboards.toastmasters.org/District.aspx?id=98
98,P,03,07771017,Fintree Toastmasters Club For Finance Professionals,1,0,1,1,3,3,,4,4,4,5,3,2,3,3,0,,21,21,21,22,16,9,10,11,5,,,2022-06-08,http://dashboards.toastmasters.org/District.aspx?id=98
98,P,03,07811400,Rainbow Toastmasters Club,1,1,1,1,15,9,,4,4,4,5,3,2,3,3,0,,21,21,21,22,16,9,10,11,5,,,2022-06-08,http://dashboards.toastmasters.org/District.aspx?id=98
98,P,04,05294613,Pune Advanced Toastmasters Club,1,1,1,1,30,10,P,5,5,5,6,3,3,4,4,1,,21,21,21,22,16,9,10,11,5,,,2022-06-08,http://dashboards.toastmasters.org/District.aspx?id=98
98,P,04,05979643,e-Zest Toastmasters Club,1,1,1,1,10,4,,5,5,5,6,3,3,4,4,1,,21,21,21,22,16,9,10,11,5,,,2022-06-08,http://dashboards.toastmasters.org/District.aspx?id=98
98,P,04,06941712,Toastmasters Club of Nashik,1,1,1,1,9,2,,5,5,5,6,3,3,4,4,1,,21,21,21,22,16,9,10,11,5,,,2022-06-08,http://dashboards.toastmasters.org/District.aspx?id=98
98,P,04,07669989,CRISIL Pune Toastmasters Club,1,0,1,1,1,2,,5,5,5,6,3,3,4,4,1,,21,21,21,22,16,9,10,11,5,,,2022-06-08,http://dashboards.toastmasters.org/District.aspx?id=98
98,P,04,07894528,Moog Toastmasters Club of Pune,1,0,1,0,0,1,,5,5,5,6,3,3,4,4,1,,21,21,21,22,16,9,10,11,5,,,2022-06-08,http://dashboards.toastmasters.org/District.aspx?id=98
98,P,05,05163301,Deccan Toastmasters Club,1,1,1,1,34,10,P,4,4,4,5,4,2,3,3,2,Distinguished,21,21,21,22,16,9,10,11,5,,,2022-06-08,http://dashboards.toastmasters.org/District.aspx?id=98
98,P,05,07434850,Atlas Copco Gecia Toastmasters Club,1,1,1,1,23,9,P,4,4,4,5,4,2,3,3,2,Distinguished,21,21,21,22,16,9,10,11,5,,,2022-06-08,http://dashboards.toastmasters.org/District.aspx?id=98
98,P,05,07711836,Cisco Eloquence Toastmasters Club,1,1,1,0,8,3,,4,4,4,5,4,2,3,3,2,Distinguished,21,21,21,22,16,9,10,11,5,,,2022-06-08,http://dashboards.toastmasters.org/District.aspx?id=98
98,P,05,07798218,Toastmasters For Global Entrepreneurs,1,1,1,1,10,4,,4,4,4,5,4,2,3,3,2,Distinguished,21,21,21,22,16,9,10,11,5,,,2022-06-08,http://dashboards.toastmasters.org/District.aspx?id=98
98,S,01,07065798,Sobo Toastmasters,1,1,1,1,41,10,P,4,4,4,5,4,2,3,3,3,Select Distinguished,18,18,18,19,19,8,9,9,7,,,2022-06-08,http://dashboards.toastmasters.org/District.aspx?id=98
98,S,01,07290320,UPL Toastmasters Club,1,1,1,1,24,7,S,4,4,4,5,4,2,3,3,3,Select Distinguished,18,18,18,19,19,8,9,9,7,,,2022-06-08,http://dashboards.toastmasters.org/District.aspx?id=98
98,S,01,07774241,Evergreen Toastmasters Club,1,1,1,1,10,5,,4,4,4,5,4,2,3,3,3,Select Distinguished,18,18,18,19,19,8,9,9,7,,,2022-06-08,http://dashboards.toastmasters.org/District.aspx?id=98
98,S,01,07874066,All Elite Advanced Toastmasters Club,1,1,1,1,20,7,S,4,4,4,5,4,2,3,3,3,Select Distinguished,18,18,18,19,19,8,9,9,7,,,2022-06-08,http://dashboards.toastmasters.org/District.aspx?id=98
98,S,02,00993448,Mumbai Toastmasters,1,1,1,1,110,10,P,5,5,5,6,5,3,4,4,3,Distinguished,18,18,18,19,19,8,9,9,7,,,2022-06-08,http://dashboards.toastmasters.org/District.aspx?id=98
98,S,02,07700494,CIPLA Toastmasters,1,1,1,1,23,10,P,5,5,5,6,5,3,4,4,3,Distinguished,18,18,18,19,19,8,9,9,7,,,2022-06-08,http://dashboards.toastmasters.org/District.aspx?id=98
98,S,02,07807819,The Talking Tree,1,0,1,1,0,2,,5,5,5,6,5,3,4,4,3,Distinguished,18,18,18,19,19,8,9,9,7,,,2022-06-08,http://dashboards.toastmasters.org/District.aspx?id=98
98,S,02,07861075,Hindalco Toastmasters Club,1,1,1,1,30,5,D,5,5,5,6,5,3,4,4,3,Distinguished,18,18,18,19,19,8,9,9,7,,,2022-06-08,http://dashboards.toastmasters.org/District.aspx?id=98
98,S,02,07903431,SP Jain Toastmasters Club Mumbai,1,1,1,1,15,3,,5,5,5,6,5,3,4,4,3,Distinguished,18,18,18,19,19,8,9,9,7,,,2022-06-08,http://dashboards.toastmasters.org/District.aspx?id=98
98,S,02,07990694,Millennial Toastmasters,0,0,0,1,20,3,,5,5,5,6,5,3,4,4,3,Distinguished,18,18,18,19,19,8,9,9,7,,Charter 04/04/22,2022-06-08,http://dashboards.toastmasters.org/District.aspx?id=98
98,S,03,03217489,DADAR Toastmasters Club,1,1,1,1,15,9,,4,4,4,5,4,2,3,3,0,,18,18,18,19,19,8,9,9,7,,,2022-06-08,http://dashboards.toastmasters.org/District.aspx?id=98
98,S,03,06886479,BKC Fireflies Toastmasters,1,1,1,1,14,9,,4,4,4,5,4,2,3,3,0,,18,18,18,19,19,8,9,9,7,,,2022-06-08,http://dashboards.toastmasters.org/District.aspx?id=98
98,S,03,07709516,Acuris Mumbai Toastmasters,1,1,1,1,13,3,,4,4,4,5,4,2,3,3,0,,18,18,18,19,19,8,9,9,7,,,2022-06-08,http://dashboards.toastmasters.org/District.aspx?id=98
98,S,03,07829534,Toastmasters Club For Mumbai CAs,1,1,1,1,8,3,,4,4,4,5,4,2,3,3,0,,18,18,18,19,19,8,9,9,7,,,2022-06-08,http://dashboards.toastmasters.org/District.aspx?id=98
98,S,04,07434194,UltraTech Toastmasters Club,1,1,1,1,10,2,,5,5,5,6,6,3,4,4,1,,18,18,18,19,19,8,9,9,7,,,2022-06-08,http://dashboards.toastmasters.org/District.aspx?id=98
98,S,04,07549134,Andheri Orators Toastmasters,1,1,1,1,15,10,,5,5,5,6,6,3,4,4,1,,18,18,18,19,19,8,9,9,7,,,2022-06-08,http://dashboards.toastmasters.org/District.aspx?id=98
98,S,04,07655880,GIA Toastmaster - India,1,1,1,1,8,2,,5,5,5,6,6,3,4,4,1,,18,18,18,19,19,8,9,9,7,,,2022-06-08,http://dashboards.toastmasters.org/District.aspx?id=98
98,S,04,07677706,Santacruz Speakers Toastmasters Club,1,1,1,1,32,10,P,5,5,5,6,6,3,4,4,1,,18,18,18,19,19,8,9,9,7,,,2022-06-08,http://dashboards.toastmasters.org/District.aspx?id=98
98,S,04,07833944,Marico Toastmasters,1,0,1,1,0,1,,5,5,5,6,6,3,4,4,1,,18,18,18,19,19,8,9,9,7,,,2022-06-08,http://dashboards.toastmasters.org/District.aspx?id=98
98,S,04,07965605,Collaborate Create Celebrate,0,1,0,1,20,2,,5,5,5,6,6,3,4,4,1,,18,18,18,19,19,8,9,9,7,,Charter 01/13/22,2022-06-08,http://dashboards.toastmasters.org/District.aspx?id=98
98,S,04,07975041,Alembic Toastmasters Club,0,1,0,1,20,2,,5,5,5,6,6,3,4,4,1,,18,18,18,19,19,8,9,9,7,,Charter 02/14/22,2022-06-08,http://dashboards.toastmasters.org/District.aspx?id=98
98,U,01,01246728,Mulund Toastmasters Club,1,1,1,1,52,10,P,5,5,5,6,4,3,4,4,2,,19,19,19,20,16,8,9,10,8,,,2022-06-08,http://dashboards.toastmasters.org/District.aspx?id=98
98,U,01,05105254,Stellar Toastmasters Club,1,1,1,1,13,8,,5,5,5,6,4,3,4,4,2,,19,19,19,20,16,8,9,10,8,,,2022-06-08,http://dashboards.toastmasters.org/District.aspx?id=98
98,U,01,07289546,Expedition Toastmasters Mumbai,1,1,1,1,31,4,,5,5,5,6,4,3,4,4,2,,19,19,19,20,16,8,9,10,8,,,2022-06-08,http://dashboards.toastmasters.org/District.aspx?id=98
98,U,01,07854983,VJTI Toastmasters Club,1,0,1,1,2,2,,5,5,5,6,4,3,4,4,2,,19,19,19,20,16,8,9,10,8,,,2022-06-08,http://dashboards.toastmasters.org/District.aspx?id=98
98,U,01,07886509,Apollo India,1,1,1,1,23,5,D,5,5,5,6,4,3,4,4,2,,19,19,19,20,16,8,9,10,8,,,2022-06-08,http://dashboards.toastmasters.org/District.aspx?id=98
98,U,02,04764579,JPMC Powai Toastmasters,1,1,1,1,9,5,,4,4,4,5,4,2,3,3,0,,19,19,19,20,16,8,9,10,8,,,2022-06-08,http://dashboards.toastmasters.org/District.aspx?id=98
98,U,02,05748839,Somaiya Toastmasters Club,1,1,1,1,17,7,,4,4,4,5,4,2,3,3,0,,19,19,19,20,16,8,9,10,8,,,2022-06-08,http://dashboards.toastmasters.org/District.aspx?id=98
98,U,02,06578723,Schindler Toastmasters Powai (STM Powai),1,1,1,1,17,3,,4,4,4,5,4,2,3,3,0,,19,19,19,20,16,8,9,10,8,,,2022-06-08,http://dashboards.toastmasters.org/District.aspx?id=98
98,U,02,07854767,Eloquent Elites,1,1,1,1,8,6,,4,4,4,5,4,2,3,3,0,,19,19,19,20,16,8,9,10,8,,,2022-06-08,http://dashboards.toastmasters.org/District.aspx?id=98
98,U,03,02017422,Thane Toastmasters Club,1,1,1,1,29,9,P,5,5,5,6,3,3,4,4,2,,19,19,19,20,16,8,9,10,8,,,2022-06-08,http://dashboards.toastmasters.org/District.aspx?id=98
98,U,03,02798803,NITIE Toastmasters Club,0,0,1,0,0,0,,5,5,5,6,3,3,4,4,2,,19,19,19,20,16,8,9,10,8,, Susp 10/01/21,2022-06-08,http://dashboards.toastmasters.org/District.aspx?id=98
98,U,03,07297859,CRISIL Toastmasters,1,0,1,1,0,1,,5,5,5,6,3,3,4,4,2,,19,19,19,20,16,8,9,10,8,,,2022-06-08,http://dashboards.toastmasters.org/District.aspx?id=98
98,U,03,07581427,Teradata Mumbai Toastmasters Club,1,1,1,1,20,5,D,5,5,5,6,3,3,4,4,2,,19,19,19,20,16,8,9,10,8,,,2022-06-08,http://dashboards.toastmasters.org/District.aspx?id=98
98,U,03,07881091,STL NIM Toastmasters Club,1,0,1,1,0,2,,5,5,5,6,3,3,4,4,2,,19,19,19,20,16,8,9,10,8,,,2022-06-08,http://dashboards.toastmasters.org/District.aspx?id=98
98,U,03,07963095,Merck Healthcare India Toastmasters Club,0,1,0,1,48,2,,5,5,5,6,3,3,4,4,2,,19,19,19,20,16,8,9,10,8,,Charter 02/01/22,2022-06-08,http://dashboards.toastmasters.org/District.aspx?id=98
98,U,04,00616631,TCS Maitree Toastmasters Club,1,1,1,1,46,10,P,5,5,5,6,5,3,4,4,4,Select Distinguished,19,19,19,20,16,8,9,10,8,,,2022-06-08,http://dashboards.toastmasters.org/District.aspx?id=98
98,U,04,02017514,General Mills India Toastmasters Club,1,1,1,1,22,5,D,5,5,5,6,5,3,4,4,4,Select Distinguished,19,19,19,20,16,8,9,10,8,,,2022-06-08,http://dashboards.toastmasters.org/District.aspx?id=98
98,U,04,03349716,Powai Toastmasters Club,1,1,1,1,21,9,P,5,5,5,6,5,3,4,4,4,Select Distinguished,19,19,19,20,16,8,9,10,8,,,2022-06-08,http://dashboards.toastmasters.org/District.aspx?id=98
98,U,04,06649866,TYHO SDA Bocconi,1,1,1,1,10,9,,5,5,5,6,5,3,4,4,4,Select Distinguished,19,19,19,20,16,8,9,10,8,,,2022-06-08,http://dashboards.toastmasters.org/District.aspx?id=98
98,U,04,07749915,"L&T Toastmasters Club, Powai Chapter",1,1,1,1,26,9,P,5,5,5,6,5,3,4,4,4,Select Distinguished,19,19,19,20,16,8,9,10,8,,,2022-06-08,http://dashboards.toastmasters.org/District.aspx?id=98
98,W,01,01214543,GOA YMCA Toastmasters Club,1,1,1,1,16,7,,4,4,4,5,3,2,3,3,0,,18,18,18,19,14,8,9,9,3,,,2022-06-08,http://dashboards.toastmasters.org/District.aspx?id=98
98,W,01,04361333,Mapusa Toastmasters,1,1,1,1,18,6,,4,4,4,5,3,2,3,3,0,,18,18,18,19,14,8,9,9,3,,,2022-06-08,http://dashboards.toastmasters.org/District.aspx?id=98
98,W,01,06941455,Tangentia Toastmasters,1,1,1,1,17,2,,4,4,4,5,3,2,3,3,0,,18,18,18,19,14,8,9,9,3,,,2022-06-08,http://dashboards.toastmasters.org/District.aspx?id=98
98,W,01,07708785,Teva Goa Toastmasters Club,0,0,1,0,0,0,,4,4,4,5,3,2,3,3,0,,18,18,18,19,14,8,9,9,3,, Susp 03/31/22,2022-06-08,http://dashboards.toastmasters.org/District.aspx?id=98
98,W,02,02575847,Toastmasters International Margao,1,1,1,1,8,3,,3,3,3,4,2,2,3,3,1,,18,18,18,19,14,8,9,9,3,,,2022-06-08,http://dashboards.toastmasters.org/District.aspx?id=98
98,W,02,03214306,International Centre GOA (ICG) Toastmasters Club,1,1,1,1,33,10,P,3,3,3,4,2,2,3,3,1,,18,18,18,19,14,8,9,9,3,,,2022-06-08,http://dashboards.toastmasters.org/District.aspx?id=98
98,W,02,07783728,Ponda Toastmasters Club,0,0,1,1,0,0,,3,3,3,4,2,2,3,3,1,,18,18,18,19,14,8,9,9,3,, Susp 03/31/22,2022-06-08,http://dashboards.toastmasters.org/District.aspx?id=98
98,W,03,06656843,Ana Fonte Toastmasters Club,1,1,1,1,8,4,,3,3,3,4,2,2,3,3,0,,18,18,18,19,14,8,9,9,3,,,2022-06-08,http://dashboards.toastmasters.org/District.aspx?id=98
98,W,03,07441712,Siemens Goa Toastmasters Club,0,0,1,1,0,0,,3,3,3,4,2,2,3,3,0,,18,18,18,19,14,8,9,9,3,, Susp 03/31/22,2022-06-08,http://dashboards.toastmasters.org/District.aspx?id=98
98,W,03,07783722,Vasco Toastmasters Club,1,1,1,1,8,6,,3,3,3,4,2,2,3,3,0,,18,18,18,19,14,8,9,9,3,,,2022-06-08,http://dashboards.toastmasters.org/District.aspx?id=98
98,W,04,01114159,Eaton Toastmasters Club,1,1,1,1,27,5,D,4,4,4,5,4,2,3,3,1,,18,18,18,19,14,8,9,9,3,,,2022-06-08,http://dashboards.toastmasters.org/District.aspx?id=98
98,W,04,06746425,NT India Pune Toastmasters Club,1,1,1,1,14,4,,4,4,4,5,4,2,3,3,1,,18,18,18,19,14,8,9,9,3,,,2022-06-08,http://dashboards.toastmasters.org/District.aspx?id=98
98,W,04,07166870,PTC Marisoft Toastmasters Club,1,1,1,1,11,8,,4,4,4,5,4,2,3,3,1,,18,18,18,19,14,8,9,9,3,,,2022-06-08,http://dashboards.toastmasters.org/District.aspx?id=98
98,W,04,07856700,EHI Toastmasters Club,1,1,1,1,8,5,,4,4,4,5,4,2,3,3,1,,18,18,18,19,14,8,9,9,3,,,2022-06-08,http://dashboards.toastmasters.org/District.aspx?id=98
98,W,05,05094604,Citi eXpressions Toastmasters Club,1,1,1,1,12,7,,4,4,4,5,3,2,3,3,1,,18,18,18,19,14,8,9,9,3,,,2022-06-08,http://dashboards.toastmasters.org/District.aspx?id=98
98,W,05,06090346,Toastmasters Club of Allscripts Pune,1,0,1,1,6,5,,4,4,4,5,3,2,3,3,1,,18,18,18,19,14,8,9,9,3,,,2022-06-08,http://dashboards.toastmasters.org/District.aspx?id=98
98,W,05,07084394,Impressions Toastmasters,1,0,1,0,3,2,,4,4,4,5,3,2,3,3,1,,18,18,18,19,14,8,9,9,3,,,2022-06-08,http://dashboards.toastmasters.org/District.aspx?id=98
98,W,05,07300474,Kharadi Toastmasters Club,1,1,1,1,28,10,P,4,4,4,5,3,2,3,3,1,,18,18,18,19,14,8,9,9,3,,,2022-06-08,http://dashboards.toastmasters.org/District.aspx?id=98
98,W,05,07985954,Raisoni Ace Toastmasters Club,0,1,0,0,20,1,,4,4,4,5,3,2,3,3,1,,18,18,18,19,14,8,9,9,3,,Charter 03/24/22,2022-06-08,http://dashboards.toastmasters.org/District.aspx?id=98
Month of May, As of 06/06/2022,2022-06-08,http://dashboards.toastmasters.org/District.aspx?id=98
